storm_id,asset_id,failed,max_wind_experienced_mph,storm_surge_exposure,age_years,years_since_inspection,prior_outage_count,vegetation_density,flood_zone,distance_to_coast_km
HIST-001,SGW-001,0,33.149808473778386,0.0,6,0,2,0.35,1,11
HIST-001,SGW-002,0,35.31426924860839,0.0,22,1,3,0.53,0,1
HIST-001,SGW-003,0,34.487772995366456,0.0,34,3,1,0.33,1,10
HIST-001,SGW-004,0,34.814920693876616,0.0,21,1,1,0.45,1,10
HIST-001,SGW-005,0,33.70015194400213,0.0,24,0,0,0.22,1,1
HIST-001,SGW-006,0,40.87552664302708,0.0,37,0,1,0.42,0,131
HIST-001,SGW-007,0,40.12293285448257,0.0,8,2,1,0.4,1,144
HIST-001,SGW-008,0,39.91834772671388,0.0,24,1,0,0.44,0,127
HIST-001,SGW-009,0,40.5104433166318,0.0,22,3,0,0.31,0,123
HIST-001,SGW-010,0,40.26650320862149,0.0,22,2,2,0.3,0,153
HIST-001,SGW-011,0,49.556971667204685,0.0,10,0,2,0.5,1,230
HIST-001,SGW-012,0,47.37213677574376,0.0,31,3,1,0.31,1,241
HIST-001,SGW-013,0,71.3882747337598,0.0,31,1,2,0.33,0,233
HIST-001,SGW-014,0,65.28581924800905,0.0,44,2,2,0.33,0,241
HIST-001,SGW-015,0,62.10269969240157,0.0,7,0,1,0.57,1,241
HIST-001,SGW-016,0,52.0106166836457,0.0,5,0,0,0.72,0,262
HIST-001,SGW-017,0,56.62149300848305,0.0,21,0,0,0.51,0,270
HIST-001,SGW-018,1,61.496203972364206,0.0,40,2,0,0.57,0,280
HIST-001,SGW-019,0,53.81416915043742,0.0,44,0,2,0.51,0,288
HIST-001,SGW-020,0,62.499577572511164,0.0,30,0,0,0.39,0,269
HIST-001,SGW-021,0,43.21283401515713,0.0,7,1,0,0.46,0,359
HIST-001,SGW-022,0,42.140340163752086,0.0,11,0,0,0.77,1,329
HIST-001,SGW-023,0,42.30216252961294,0.0,11,0,1,0.67,0,330
HIST-001,SGW-024,0,41.247058831146255,0.0,12,1,0,0.48,0,334
HIST-001,SGW-025,0,39.98333142093682,0.0,13,3,0,0.61,0,305
HIST-001,SGW-026,0,36.3242066342828,0.0,5,0,0,1.0,1,397
HIST-001,SGW-027,0,38.05169288742208,0.0,37,2,4,0.76,1,389
HIST-001,SGW-028,0,36.53058359026918,0.0,30,1,1,0.57,0,406
HIST-001,SGW-029,0,37.90167198069249,0.0,34,0,1,0.92,0,403
HIST-001,SGW-030,0,35.7058381096988,0.0,13,1,0,0.97,0,395
HIST-002,SGW-001,0,71.60818286650795,0.29,6,0,2,0.35,1,11
HIST-002,SGW-002,1,70.3276507237114,0.39,22,1,3,0.53,0,1
HIST-002,SGW-003,1,75.49506599018348,0.30000000000000004,34,3,1,0.33,1,10
HIST-002,SGW-004,0,67.66996824703527,0.30000000000000004,21,1,1,0.45,1,10
HIST-002,SGW-005,0,72.88396668396413,0.39,24,0,0,0.22,1,1
HIST-002,SGW-006,0,53.28684481219245,0.0,37,0,1,0.42,0,131
HIST-002,SGW-007,0,55.09369212037738,0.0,8,2,1,0.4,1,144
HIST-002,SGW-008,0,55.702961665292406,0.0,24,1,0,0.44,0,127
HIST-002,SGW-009,0,53.83059689122484,0.0,22,3,0,0.31,0,123
HIST-002,SGW-010,0,54.61799644925051,0.0,22,2,2,0.3,0,153
HIST-002,SGW-011,0,33.123443131642794,0.0,10,0,2,0.5,1,230
HIST-002,SGW-012,0,32.691926520251904,0.0,31,3,1,0.31,1,241
HIST-002,SGW-013,0,34.18023563550345,0.0,31,1,2,0.33,0,233
HIST-002,SGW-014,0,34.24823177380296,0.0,44,2,2,0.33,0,241
HIST-002,SGW-015,0,33.21914148416202,0.0,7,0,1,0.57,1,241
HIST-002,SGW-016,0,30.586933043548836,0.0,5,0,0,0.72,0,262
HIST-002,SGW-017,0,30.23880472097654,0.0,21,0,0,0.51,0,270
HIST-002,SGW-018,0,30.964447234027475,0.0,40,2,0,0.57,0,280
HIST-002,SGW-019,0,29.144233143255843,0.0,44,0,2,0.51,0,288
HIST-002,SGW-020,0,30.383039788187375,0.0,30,0,0,0.39,0,269
HIST-002,SGW-021,0,26.13820159754415,0.0,7,1,0,0.46,0,359
HIST-002,SGW-022,0,25.997358805522257,0.0,11,0,0,0.77,1,329
HIST-002,SGW-023,0,25.975522474345457,0.0,11,0,1,0.67,0,330
HIST-002,SGW-024,0,25.72382623656583,0.0,12,1,0,0.48,0,334
HIST-002,SGW-025,0,25.434987786861026,0.0,13,3,0,0.61,0,305
HIST-002,SGW-026,0,24.28233483394552,0.0,5,0,0,1.0,1,397
HIST-002,SGW-027,0,24.763677378167646,0.0,37,2,4,0.76,1,389
HIST-002,SGW-028,0,24.384722164441534,0.0,30,1,1,0.57,0,406
HIST-002,SGW-029,0,24.736836384965823,0.0,34,0,1,0.92,0,403
HIST-002,SGW-030,0,24.147578645670052,0.0,13,1,0,0.97,0,395
HIST-003,SGW-001,0,56.11019644410296,0.145,6,0,2,0.35,1,11
HIST-003,SGW-002,1,63.81069751140437,0.195,22,1,3,0.53,0,1
HIST-003,SGW-003,0,62.90273377711871,0.15000000000000002,34,3,1,0.33,1,10
HIST-003,SGW-004,1,59.26528254008265,0.15000000000000002,21,1,1,0.45,1,10
HIST-003,SGW-005,0,56.273064105269754,0.195,24,0,0,0.22,1,1
HIST-003,SGW-006,0,43.06405332018481,0.0,37,0,1,0.42,0,131
HIST-003,SGW-007,0,43.10736705851742,0.0,8,2,1,0.4,1,144
HIST-003,SGW-008,0,43.651483162995774,0.0,24,1,0,0.44,0,127
HIST-003,SGW-009,0,48.08017220738535,0.0,22,3,0,0.31,0,123
HIST-003,SGW-010,1,46.9687282579185,0.0,22,2,2,0.3,0,153
HIST-003,SGW-011,0,36.13767189416559,0.0,10,0,2,0.5,1,230
HIST-003,SGW-012,0,35.46753219846963,0.0,31,3,1,0.31,1,241
HIST-003,SGW-013,0,37.599424433866666,0.0,31,1,2,0.33,0,233
HIST-003,SGW-014,0,37.932116569440105,0.0,44,2,2,0.33,0,241
HIST-003,SGW-015,0,36.228221835517026,0.0,7,0,1,0.57,1,241
HIST-003,SGW-016,0,31.871248591531952,0.0,5,0,0,0.72,0,262
HIST-003,SGW-017,0,31.563499135123205,0.0,21,0,0,0.51,0,270
HIST-003,SGW-018,0,32.62110704611942,0.0,40,2,0,0.57,0,280
HIST-003,SGW-019,0,30.12255738656549,0.0,44,0,2,0.51,0,288
HIST-003,SGW-020,0,31.8629627115752,0.0,30,0,0,0.39,0,269
HIST-003,SGW-021,0,26.351983263173263,0.0,7,1,0,0.46,0,359
HIST-003,SGW-022,0,26.158867158421,0.0,11,0,0,0.77,1,329
HIST-003,SGW-023,0,26.141927977215282,0.0,11,0,1,0.67,0,330
HIST-003,SGW-024,0,25.83040099348015,0.0,12,1,0,0.48,0,334
HIST-003,SGW-025,0,25.4704833063695,0.0,13,3,0,0.61,0,305
HIST-003,SGW-026,0,24.104426221195492,0.0,5,0,0,1.0,1,397
HIST-003,SGW-027,0,24.683455166017715,0.0,37,2,4,0.76,1,389
HIST-003,SGW-028,0,24.21868652746155,0.0,30,1,1,0.57,0,406
HIST-003,SGW-029,0,24.648442522083727,0.0,34,0,1,0.92,0,403
HIST-003,SGW-030,0,23.93423165058665,0.0,13,1,0,0.97,0,395
HIST-004,SGW-001,0,23.840999074127275,0.0,6,0,2,0.35,1,11
HIST-004,SGW-002,0,24.62183819989745,0.0,22,1,3,0.53,0,1
HIST-004,SGW-003,0,24.33548590738522,0.0,34,3,1,0.33,1,10
HIST-004,SGW-004,0,24.37162604844091,0.0,21,1,1,0.45,1,10
HIST-004,SGW-005,1,24.065324963663503,0.0,24,0,0,0.22,1,1
HIST-004,SGW-006,0,26.251325589780937,0.0,37,0,1,0.42,0,131
HIST-004,SGW-007,0,26.04840024430978,0.0,8,2,1,0.4,1,144
HIST-004,SGW-008,0,25.990769649846122,0.0,24,1,0,0.44,0,127
HIST-004,SGW-009,0,26.16086086139839,0.0,22,3,0,0.31,0,123
HIST-004,SGW-010,0,26.090040655079363,0.0,22,2,2,0.3,0,153
HIST-004,SGW-011,0,33.488381293919275,0.0,10,0,2,0.5,1,230
HIST-004,SGW-012,0,33.96895343711142,0.0,31,3,1,0.31,1,241
HIST-004,SGW-013,0,32.01425677590049,0.0,31,1,2,0.33,0,233
HIST-004,SGW-014,0,32.39234241489642,0.0,44,2,2,0.33,0,241
HIST-004,SGW-015,0,33.21865141735464,0.0,7,0,1,0.57,1,241
HIST-004,SGW-016,0,33.75886749868987,0.0,5,0,0,0.72,0,262
HIST-004,SGW-017,0,35.25656945005447,0.0,21,0,0,0.51,0,270
HIST-004,SGW-018,0,34.66515127001641,0.0,40,2,0,0.57,0,280
HIST-004,SGW-019,0,37.272472961369196,0.0,44,0,2,0.51,0,288
HIST-004,SGW-020,0,35.82277674622248,0.0,30,0,0,0.39,0,269
HIST-004,SGW-021,0,50.246716568283894,0.0,7,1,0,0.46,0,359
HIST-004,SGW-022,0,49.0780079006187,0.0,11,0,0,0.77,1,329
HIST-004,SGW-023,0,50.26851345644903,0.0,11,0,1,0.67,0,330
HIST-004,SGW-024,0,51.581799160913384,0.0,12,1,0,0.48,0,334
HIST-004,SGW-025,0,52.327468244023144,0.0,13,3,0,0.61,0,305
HIST-004,SGW-026,0,69.21642621930867,0.0,5,0,0,1.0,1,397
HIST-004,SGW-027,1,65.67023716503628,0.0,37,2,4,0.76,1,389
HIST-004,SGW-028,0,63.31346538451914,0.0,30,1,1,0.57,0,406
HIST-004,SGW-029,0,64.49502678633492,0.0,34,0,1,0.92,0,403
HIST-004,SGW-030,0,63.14882981055663,0.0,13,1,0,0.97,0,395
HIST-005,SGW-001,1,47.81566362779213,0.0,6,0,2,0.35,1,11
HIST-005,SGW-002,0,55.9609121123467,0.195,22,1,3,0.53,0,1
HIST-005,SGW-003,0,52.4941147676137,0.15000000000000002,34,3,1,0.33,1,10
HIST-005,SGW-004,0,51.16324902767494,0.15000000000000002,21,1,1,0.45,1,10
HIST-005,SGW-005,0,48.65233606917877,0.0,24,0,0,0.22,1,1
HIST-005,SGW-006,0,43.07158435561378,0.0,37,0,1,0.42,0,131
HIST-005,SGW-007,0,43.09963504488957,0.0,8,2,1,0.4,1,144
HIST-005,SGW-008,0,43.638402122374686,0.0,24,1,0,0.44,0,127
HIST-005,SGW-009,0,48.08118191743832,0.0,22,3,0,0.31,0,123
HIST-005,SGW-010,0,46.9612003519571,0.0,22,2,2,0.3,0,153
HIST-005,SGW-011,0,39.62967033210245,0.0,10,0,2,0.5,1,230
HIST-005,SGW-012,0,38.75509155973328,0.0,31,3,1,0.31,1,241
HIST-005,SGW-013,0,41.362630936563676,0.0,31,1,2,0.33,0,233
HIST-005,SGW-014,0,42.011670941866115,0.0,44,2,2,0.33,0,241
HIST-005,SGW-015,0,39.696707774461885,0.0,7,0,1,0.57,1,241
HIST-005,SGW-016,0,33.880343853135344,0.0,5,0,0,0.72,0,262
HIST-005,SGW-017,0,33.62846288523727,0.0,21,0,0,0.51,0,270
HIST-005,SGW-018,0,34.941513410574515,0.0,40,2,0,0.57,0,280
HIST-005,SGW-019,1,31.937098349680536,0.0,44,0,2,0.51,0,288
HIST-005,SGW-020,0,34.059866754683846,0.0,30,0,0,0.39,0,269
HIST-005,SGW-021,0,27.601332419215524,0.0,7,1,0,0.46,0,359
HIST-005,SGW-022,0,27.369227360569397,0.0,11,0,0,0.77,1,329
HIST-005,SGW-023,0,27.355714739948475,0.0,11,0,1,0.67,0,330
HIST-005,SGW-024,0,26.999052422718375,0.0,12,1,0,0.48,0,334
HIST-005,SGW-025,0,26.585653001070398,0.0,13,3,0,0.61,0,305
HIST-005,SGW-026,0,25.054800074262047,0.0,5,0,0,1.0,1,397
HIST-005,SGW-027,0,25.708760656115103,0.0,37,2,4,0.76,1,389
HIST-005,SGW-028,0,25.178990186863018,0.0,30,1,1,0.57,0,406
HIST-005,SGW-029,0,25.66769721254623,0.0,34,0,1,0.92,0,403
HIST-005,SGW-030,0,24.858272928635362,0.0,13,1,0,0.97,0,395
HIST-006,SGW-001,0,32.22602862314973,0.0,6,0,2,0.35,1,11
HIST-006,SGW-002,0,33.57787244807747,0.0,22,1,3,0.53,0,1
HIST-006,SGW-003,0,33.0762828070115,0.0,34,3,1,0.33,1,10
HIST-006,SGW-004,0,33.12351176352906,0.0,21,1,1,0.45,1,10
HIST-006,SGW-005,0,32.59691899850888,0.0,24,0,0,0.22,1,1
HIST-006,SGW-006,0,36.55877505185768,0.0,37,0,1,0.42,0,131
HIST-006,SGW-007,1,36.17979090400038,0.0,8,2,1,0.4,1,144
HIST-006,SGW-008,0,36.07331696173331,0.0,24,1,0,0.44,0,127
HIST-006,SGW-009,0,36.38616953673732,0.0,22,3,0,0.31,0,123
HIST-006,SGW-010,0,36.25620075148814,0.0,22,2,2,0.3,0,153
HIST-006,SGW-011,0,52.71298682577703,0.0,10,0,2,0.5,1,230
HIST-006,SGW-012,0,54.05180423916725,0.0,31,3,1,0.31,1,241
HIST-006,SGW-013,0,48.570680634733044,0.0,31,1,2,0.33,0,233
HIST-006,SGW-014,0,49.814266766411805,0.0,44,2,2,0.33,0,241
HIST-006,SGW-015,0,51.831177130480896,0.0,7,0,1,0.57,1,241
HIST-006,SGW-016,1,50.71903776181961,0.0,5,0,0,0.72,0,262
HIST-006,SGW-017,0,54.96681904974403,0.0,21,0,0,0.51,0,270
HIST-006,SGW-018,0,54.18177307870064,0.0,40,2,0,0.57,0,280
HIST-006,SGW-019,0,59.6061912347881,0.0,44,0,2,0.51,0,288
HIST-006,SGW-020,0,57.417611639088065,0.0,30,0,0,0.39,0,269
HIST-006,SGW-021,0,87.89459163435994,0.0,7,1,0,0.46,0,359
HIST-006,SGW-022,0,77.75188594656603,0.0,11,0,0,0.77,1,329
HIST-006,SGW-023,0,82.04189808781312,0.0,11,0,1,0.67,0,330
HIST-006,SGW-024,0,79.58189047375427,0.0,12,1,0,0.48,0,334
HIST-006,SGW-025,1,74.4924034393976,0.0,13,3,0,0.61,0,305
HIST-006,SGW-026,0,67.9729106758908,0.0,5,0,0,1.0,1,397
HIST-006,SGW-027,1,76.6181929268695,0.0,37,2,4,0.76,1,389
HIST-006,SGW-028,0,67.1503336373279,0.0,30,1,1,0.57,0,406
HIST-006,SGW-029,0,74.93457202253587,0.0,34,0,1,0.92,0,403
HIST-006,SGW-030,0,63.7066312795063,0.0,13,1,0,0.97,0,395
HIST-007,SGW-001,0,54.325370223748536,0.0,6,0,2,0.35,1,11
HIST-007,SGW-002,0,64.08951363729149,0.39,22,1,3,0.53,0,1
HIST-007,SGW-003,1,59.903119231302675,0.30000000000000004,34,3,1,0.33,1,10
HIST-007,SGW-004,0,58.10585198039603,0.30000000000000004,21,1,1,0.45,1,10
HIST-007,SGW-005,0,55.189843776033086,0.39,24,0,0,0.22,1,1
HIST-007,SGW-006,0,47.474716931458154,0.0,37,0,1,0.42,0,131
HIST-007,SGW-007,0,47.52061159189455,0.0,8,2,1,0.4,1,144
HIST-007,SGW-008,0,48.11980191580363,0.0,24,1,0,0.44,0,127
HIST-007,SGW-009,0,53.00378299570835,0.0,22,3,0,0.31,0,123
HIST-007,SGW-010,0,51.777465410978294,0.0,22,2,2,0.3,0,153
HIST-007,SGW-011,0,42.78784382661568,0.0,10,0,2,0.5,1,230
HIST-007,SGW-012,0,41.879770079250854,0.0,31,3,1,0.31,1,241
HIST-007,SGW-013,0,44.632543046674286,0.0,31,1,2,0.33,0,233
HIST-007,SGW-014,0,45.25105565837651,0.0,44,2,2,0.33,0,241
HIST-007,SGW-015,0,42.87039081616228,0.0,7,0,1,0.57,1,241
HIST-007,SGW-016,0,36.8575448872867,0.0,5,0,0,0.72,0,262
HIST-007,SGW-017,0,36.561713159178815,0.0,21,0,0,0.51,0,270
HIST-007,SGW-018,0,37.94221418063379,0.0,40,2,0,0.57,0,280
HIST-007,SGW-019,0,34.76039997158188,0.0,44,0,2,0.51,0,288
HIST-007,SGW-020,0,37.00092771477966,0.0,30,0,0,0.39,0,269
HIST-007,SGW-021,0,30.12273436499545,0.0,7,1,0,0.46,0,359
HIST-007,SGW-022,0,29.876923886208434,0.0,11,0,0,0.77,1,329
HIST-007,SGW-023,0,29.86104000113331,0.0,11,0,1,0.67,0,330
HIST-007,SGW-024,0,29.479231250795905,0.0,12,1,0,0.48,0,334
HIST-007,SGW-025,0,29.03700306313899,0.0,13,3,0,0.61,0,305
HIST-007,SGW-026,0,27.390361447727,0.0,5,0,0,1.0,1,397
HIST-007,SGW-027,1,28.09254205544368,0.0,37,2,4,0.76,1,389
HIST-007,SGW-028,0,27.52486780131657,0.0,30,1,1,0.57,0,406
HIST-007,SGW-029,0,28.0488156520546,0.0,34,0,1,0.92,0,403
HIST-007,SGW-030,0,27.180365135455194,0.0,13,1,0,0.97,0,395
HIST-008,SGW-001,0,27.071776513020694,0.0,6,0,2,0.35,1,11
HIST-008,SGW-002,0,28.226621605149738,0.0,22,1,3,0.53,0,1
HIST-008,SGW-003,1,27.797743285681054,0.0,34,3,1,0.33,1,10
HIST-008,SGW-004,0,27.8370661151402,0.0,21,1,1,0.45,1,10
HIST-008,SGW-005,0,27.387475909913874,0.0,24,0,0,0.22,1,1
HIST-008,SGW-006,0,30.784259596715568,0.0,37,0,1,0.42,0,131
HIST-008,SGW-007,0,30.45854167648728,0.0,8,2,1,0.4,1,144
HIST-008,SGW-008,0,30.367112953626226,0.0,24,1,0,0.44,0,127
HIST-008,SGW-009,0,30.635658123553345,0.0,22,3,0,0.31,0,123
HIST-008,SGW-010,0,30.524117495583443,0.0,22,2,2,0.3,0,153
HIST-008,SGW-011,0,44.89784826353681,0.0,10,0,2,0.5,1,230
HIST-008,SGW-012,0,46.09274108977502,0.0,31,3,1,0.31,1,241
HIST-008,SGW-013,0,41.202737614831975,0.0,31,1,2,0.33,0,233
HIST-008,SGW-014,0,42.32525226120816,0.0,44,2,2,0.33,0,241
HIST-008,SGW-015,0,44.09952920765969,0.0,7,0,1,0.57,1,241
HIST-008,SGW-016,0,42.90733912436181,0.0,5,0,0,0.72,0,262
HIST-008,SGW-017,0,46.65829494763635,0.0,21,0,0,0.51,0,270
HIST-008,SGW-018,0,46.040113612612856,0.0,40,2,0,0.57,0,280
HIST-008,SGW-019,0,50.641491369783694,0.0,44,0,2,0.51,0,288
HIST-008,SGW-020,0,48.9031760809758,0.0,30,0,0,0.39,0,269
HIST-008,SGW-021,0,72.45817154928899,0.0,7,1,0,0.46,0,359
HIST-008,SGW-022,0,64.2560941381885,0.0,11,0,0,0.77,1,329
HIST-008,SGW-023,0,67.56854782217155,0.0,11,0,1,0.67,0,330
HIST-008,SGW-024,0,65.2501709997571,0.0,12,1,0,0.48,0,334
HIST-008,SGW-025,0,61.003729777841755,0.0,13,3,0,0.61,0,305
HIST-008,SGW-026,0,55.022470833952504,0.0,5,0,0,1.0,1,397
HIST-008,SGW-027,1,61.624689829309965,0.0,37,2,4,0.76,1,389
HIST-008,SGW-028,0,54.52612329975822,0.0,30,1,1,0.57,0,406
HIST-008,SGW-029,0,60.422428533614436,0.0,34,0,1,0.92,0,403
HIST-008,SGW-030,0,51.84458032741457,0.0,13,1,0,0.97,0,395
HIST-009,SGW-001,0,88.774729621245,0.58,6,0,2,0.35,1,11
HIST-009,SGW-002,1,104.15256769742469,0.78,22,1,3,0.53,0,1
HIST-009,SGW-003,1,98.55706825537796,0.6000000000000001,34,3,1,0.33,1,10
HIST-009,SGW-004,1,86.96622769147358,0.6000000000000001,21,1,1,0.45,1,10
HIST-009,SGW-005,1,84.6697191717854,0.78,24,0,0,0.22,1,1
HIST-009,SGW-006,0,90.56976134269391,0.0,37,0,1,0.42,0,131
HIST-009,SGW-007,0,97.23491852982953,0.0,8,2,1,0.4,1,144
HIST-009,SGW-008,0,99.89382060459847,0.0,24,1,0,0.44,0,127
HIST-009,SGW-009,0,91.75252487112172,0.0,22,3,0,0.31,0,123
HIST-009,SGW-010,1,95.09254131757007,0.0,22,2,2,0.3,0,153
HIST-009,SGW-011,0,43.81757218245629,0.0,10,0,2,0.5,1,230
HIST-009,SGW-012,0,43.110455028134,0.0,31,3,1,0.31,1,241
HIST-009,SGW-013,0,45.447365140907976,0.0,31,1,2,0.33,0,233
HIST-009,SGW-014,0,45.68899888968501,0.0,44,2,2,0.33,0,241
HIST-009,SGW-015,0,43.94036680652644,0.0,7,0,1,0.57,1,241
HIST-009,SGW-016,0,39.44757495570096,0.0,5,0,0,0.72,0,262
HIST-009,SGW-017,0,39.02449871824605,0.0,21,0,0,0.51,0,270
HIST-009,SGW-018,0,40.17472032349919,0.0,40,2,0,0.57,0,280
HIST-009,SGW-019,0,37.389876788793046,0.0,44,0,2,0.51,0,288
HIST-009,SGW-020,0,39.31046459473252,0.0,30,0,0,0.39,0,269
HIST-009,SGW-021,0,33.03338059630668,0.0,7,1,0,0.46,0,359
HIST-009,SGW-022,0,32.81797624926657,0.0,11,0,0,0.77,1,329
HIST-009,SGW-023,0,32.79361711988667,0.0,11,0,1,0.67,0,330
HIST-009,SGW-024,0,32.43199535744365,0.0,12,1,0,0.48,0,334
HIST-009,SGW-025,0,32.01530220510148,0.0,13,3,0,0.61,0,305
HIST-009,SGW-026,0,30.40208225662083,0.0,5,0,0,1.0,1,397
HIST-009,SGW-027,0,31.08175529891034,0.0,37,2,4,0.76,1,389
HIST-009,SGW-028,0,30.540306337277787,0.0,30,1,1,0.57,0,406
HIST-009,SGW-029,0,31.041923771679837,0.0,34,0,1,0.92,0,403
HIST-009,SGW-030,0,30.20599694232605,0.0,13,1,0,0.97,0,395
HIST-010,SGW-001,0,34.10669473324414,0.0,6,0,2,0.35,1,11
HIST-010,SGW-002,0,36.47184085512356,0.0,22,1,3,0.53,0,1
HIST-010,SGW-003,1,35.564335434584635,0.0,34,3,1,0.33,1,10
HIST-010,SGW-004,0,35.56324232220705,0.0,21,1,1,0.45,1,10
HIST-010,SGW-005,1,34.66710542076021,0.0,24,0,0,0.22,1,1
HIST-010,SGW-006,0,42.72631687448044,0.0,37,0,1,0.42,0,131
HIST-010,SGW-007,0,41.86920415783254,0.0,8,2,1,0.4,1,144
HIST-010,SGW-008,0,41.637773611079076,0.0,24,1,0,0.44,0,127
HIST-010,SGW-009,0,42.30528349393433,0.0,22,3,0,0.31,0,123
HIST-010,SGW-010,0,42.03081993595617,0.0,22,2,2,0.3,0,153
HIST-010,SGW-011,0,51.92066699299815,0.0,10,0,2,0.5,1,230
HIST-010,SGW-012,0,50.052769939149535,0.0,31,3,1,0.31,1,241
HIST-010,SGW-013,1,75.98298357408197,0.0,31,1,2,0.33,0,233
HIST-010,SGW-014,0,53.51352757405975,0.0,44,2,2,0.33,0,241
HIST-010,SGW-015,0,58.92228357394862,0.0,7,0,1,0.57,1,241
HIST-010,SGW-016,0,51.260777860555656,0.0,5,0,0,0.72,0,262
HIST-010,SGW-017,0,54.85653610792062,0.0,21,0,0,0.51,0,270
HIST-010,SGW-018,1,59.69803587517933,0.0,40,2,0,0.57,0,280
HIST-010,SGW-019,0,51.57196205911944,0.0,44,0,2,0.51,0,288
HIST-010,SGW-020,0,59.61625139724383,0.0,30,0,0,0.39,0,269
HIST-010,SGW-021,0,41.4004576166008,0.0,7,1,0,0.46,0,359
HIST-010,SGW-022,0,40.50235222549293,0.0,11,0,0,0.77,1,329
HIST-010,SGW-023,0,40.61686346627599,0.0,11,0,1,0.67,0,330
HIST-010,SGW-024,0,39.67653157763665,0.0,12,1,0,0.48,0,334
HIST-010,SGW-025,0,38.55613935252345,0.0,13,3,0,0.61,0,305
HIST-010,SGW-026,0,35.1931179611625,0.0,5,0,0,1.0,1,397
HIST-010,SGW-027,0,36.75303623557401,0.0,37,2,4,0.76,1,389
HIST-010,SGW-028,0,35.39504145753488,0.0,30,1,1,0.57,0,406
HIST-010,SGW-029,0,36.623269480718484,0.0,34,0,1,0.92,0,403
HIST-010,SGW-030,0,34.646580079036106,0.0,13,1,0,0.97,0,395
HIST-011,SGW-001,0,42.59741039230792,0.0,6,0,2,0.35,1,11
HIST-011,SGW-002,0,45.09473371690044,0.0,22,1,3,0.53,0,1
HIST-011,SGW-003,0,44.14878233393276,0.0,34,3,1,0.33,1,10
HIST-011,SGW-004,0,44.182962801878595,0.0,21,1,1,0.45,1,10
HIST-011,SGW-005,0,43.225250660623225,0.0,24,0,0,0.22,1,1
HIST-011,SGW-006,0,51.22389833129517,0.0,37,0,1,0.42,0,131
HIST-011,SGW-007,0,50.41044419645902,0.0,8,2,1,0.4,1,144
HIST-011,SGW-008,0,50.18701132278373,0.0,24,1,0,0.44,0,127
HIST-011,SGW-009,0,50.836915014787095,0.0,22,3,0,0.31,0,123
HIST-011,SGW-010,1,50.568391425004165,0.0,22,2,2,0.3,0,153
HIST-011,SGW-011,1,114.43591479311324,0.0,10,0,2,0.5,1,230
HIST-011,SGW-012,0,127.60029774459944,0.0,31,3,1,0.31,1,241
HIST-011,SGW-013,0,83.23036828365863,0.0,31,1,2,0.33,0,233
HIST-011,SGW-014,1,94.55258827840582,0.0,44,2,2,0.33,0,241
HIST-011,SGW-015,1,102.14597001205968,0.0,7,0,1,0.57,1,241
HIST-011,SGW-016,0,70.48117569198999,0.0,5,0,0,0.72,0,262
HIST-011,SGW-017,0,78.84882564291048,0.0,21,0,0,0.51,0,270
HIST-011,SGW-018,0,83.88680421084159,0.0,40,2,0,0.57,0,280
HIST-011,SGW-019,0,77.85237722208296,0.0,44,0,2,0.51,0,288
HIST-011,SGW-020,0,88.78862250362346,0.0,30,0,0,0.39,0,269
HIST-011,SGW-021,0,64.1438301127439,0.0,7,1,0,0.46,0,359
HIST-011,SGW-022,1,62.01039652060363,0.0,11,0,0,0.77,1,329
HIST-011,SGW-023,0,62.43489734710057,0.0,11,0,1,0.67,0,330
HIST-011,SGW-024,0,60.61773236006055,0.0,12,1,0,0.48,0,334
HIST-011,SGW-025,0,58.41099140001401,0.0,13,3,0,0.61,0,305
HIST-011,SGW-026,0,52.5382035389214,0.0,5,0,0,1.0,1,397
HIST-011,SGW-027,0,55.44310903974746,0.0,37,2,4,0.76,1,389
HIST-011,SGW-028,0,52.818109067411044,0.0,30,1,1,0.57,0,406
HIST-011,SGW-029,0,55.165179174916055,0.0,34,0,1,0.92,0,403
HIST-011,SGW-030,0,51.449156554578835,0.0,13,1,0,0.97,0,395
HIST-012,SGW-001,0,30.231563916380193,0.0,6,0,2,0.35,1,11
HIST-012,SGW-002,0,31.341758549022213,0.0,22,1,3,0.53,0,1
HIST-012,SGW-003,0,30.932549985279216,0.0,34,3,1,0.33,1,10
HIST-012,SGW-004,0,30.97852882732567,0.0,21,1,1,0.45,1,10
HIST-012,SGW-005,0,30.54428347489609,0.0,24,0,0,0.22,1,1
HIST-012,SGW-006,0,33.71360668524507,0.0,37,0,1,0.42,0,131
HIST-012,SGW-007,0,33.415651699908686,0.0,8,2,1,0.4,1,144
HIST-012,SGW-008,0,33.33141635853365,0.0,24,1,0,0.44,0,127
HIST-012,SGW-009,0,33.57957192836337,0.0,22,3,0,0.31,0,123
HIST-012,SGW-010,0,33.476343104568805,0.0,22,2,2,0.3,0,153
HIST-012,SGW-011,0,45.11157928056012,0.0,10,0,2,0.5,1,230
HIST-012,SGW-012,0,45.935669218724584,0.0,31,3,1,0.31,1,241
HIST-012,SGW-013,0,42.5680982880351,0.0,31,1,2,0.33,0,233
HIST-012,SGW-014,1,43.26673876384204,0.0,44,2,2,0.33,0,241
HIST-012,SGW-015,0,44.618593079328434,0.0,7,0,1,0.57,1,241
HIST-012,SGW-016,0,44.90427770514779,0.0,5,0,0,0.72,0,262
HIST-012,SGW-017,0,47.56013989693501,0.0,21,0,0,0.51,0,270
HIST-012,SGW-018,0,46.72905998106901,0.0,40,2,0,0.57,0,280
HIST-012,SGW-019,0,50.903962397271606,0.0,44,0,2,0.51,0,288
HIST-012,SGW-020,0,48.751640093702115,0.0,30,0,0,0.39,0,269
HIST-012,SGW-021,0,76.11726217715574,0.0,7,1,0,0.46,0,359
HIST-012,SGW-022,1,71.24871993651169,0.0,11,0,0,0.77,1,329
HIST-012,SGW-023,0,74.56777728256796,0.0,11,0,1,0.67,0,330
HIST-012,SGW-024,0,75.98458371488333,0.0,12,1,0,0.48,0,334
HIST-012,SGW-025,1,74.89127171303899,0.0,13,3,0,0.61,0,305
HIST-012,SGW-026,0,87.70103951455606,0.0,5,0,0,1.0,1,397
HIST-012,SGW-027,0,98.52292704362743,0.0,37,2,4,0.76,1,389
HIST-012,SGW-028,0,81.54003436837223,0.0,30,1,1,0.57,0,406
HIST-012,SGW-029,0,93.78207581063714,0.0,34,0,1,0.92,0,403
HIST-012,SGW-030,0,76.98981193505112,0.0,13,1,0,0.97,0,395
HIST-013,SGW-001,1,63.244743242005,0.58,6,0,2,0.35,1,11
HIST-013,SGW-002,1,74.29290650709025,0.78,22,1,3,0.53,0,1
HIST-013,SGW-003,1,69.57422210428045,0.6000000000000001,34,3,1,0.33,1,10
HIST-013,SGW-004,0,75.72336854653201,0.6000000000000001,21,1,1,0.45,1,10
HIST-013,SGW-005,0,69.81722564525828,0.78,24,0,0,0.22,1,1
HIST-013,SGW-006,0,54.92246268485812,0.0,37,0,1,0.42,0,131
HIST-013,SGW-007,0,61.10644114032443,0.0,8,2,1,0.4,1,144
HIST-013,SGW-008,0,64.72193735739096,0.0,24,1,0,0.44,0,127
HIST-013,SGW-009,0,66.8704123540477,0.0,22,3,0,0.31,0,123
HIST-013,SGW-010,0,62.48854966079844,0.0,22,2,2,0.3,0,153
HIST-013,SGW-011,0,51.18451197604788,0.0,10,0,2,0.5,1,230
HIST-013,SGW-012,0,50.07565495686734,0.0,31,3,1,0.31,1,241
HIST-013,SGW-013,0,53.4083735127505,0.0,31,1,2,0.33,0,233
HIST-013,SGW-014,0,54.198738981914445,0.0,44,2,2,0.33,0,241
HIST-013,SGW-015,0,51.277088362530115,0.0,7,0,1,0.57,1,241
HIST-013,SGW-016,0,43.917451231061285,0.0,5,0,0,0.72,0,262
HIST-013,SGW-017,0,43.57833167008505,0.0,21,0,0,0.51,0,270
HIST-013,SGW-018,0,45.25317606283169,0.0,40,2,0,0.57,0,280
HIST-013,SGW-019,0,41.40768457068888,0.0,44,0,2,0.51,0,288
HIST-013,SGW-020,0,44.12033429010152,0.0,30,0,0,0.39,0,269
HIST-013,SGW-021,0,35.831990031243485,0.0,7,1,0,0.46,0,359
HIST-013,SGW-022,0,35.534910628615464,0.0,11,0,0,0.77,1,329
HIST-013,SGW-023,0,35.51671959928629,0.0,11,0,1,0.67,0,330
HIST-013,SGW-024,0,35.05788826600764,0.0,12,1,0,0.48,0,334
HIST-013,SGW-025,0,34.52624763025115,0.0,13,3,0,0.61,0,305
HIST-013,SGW-026,0,32.55240759692562,0.0,5,0,0,1.0,1,397
HIST-013,SGW-027,1,33.39489937904177,0.0,37,2,4,0.76,1,389
HIST-013,SGW-028,0,32.713058083879474,0.0,30,1,1,0.57,0,406
HIST-013,SGW-029,0,33.34220484701771,0.0,34,0,1,0.92,0,403
HIST-013,SGW-030,0,32.29980244534026,0.0,13,1,0,0.97,0,395
HIST-014,SGW-001,0,48.2939551287734,0.0,6,0,2,0.35,1,11
HIST-014,SGW-002,0,55.242988499023745,0.0,22,1,3,0.53,0,1
HIST-014,SGW-003,1,52.35387090729026,0.0,34,3,1,0.33,1,10
HIST-014,SGW-004,0,51.56831136098352,0.0,21,1,1,0.45,1,10
HIST-014,SGW-005,0,49.262138753854735,0.0,24,0,0,0.22,1,1
HIST-014,SGW-006,0,64.26202610706846,0.0,37,0,1,0.42,0,131
HIST-014,SGW-007,0,77.06077844628125,0.0,8,2,1,0.4,1,144
HIST-014,SGW-008,0,80.15279169242075,0.0,24,1,0,0.44,0,127
HIST-014,SGW-009,1,73.4864867429441,0.0,22,3,0,0.31,0,123
HIST-014,SGW-010,0,75.57925013887963,0.0,22,2,2,0.3,0,153
HIST-014,SGW-011,0,47.03257325900115,0.0,10,0,2,0.5,1,230
HIST-014,SGW-012,0,45.8413565155257,0.0,31,3,1,0.31,1,241
HIST-014,SGW-013,0,49.1501437685363,0.0,31,1,2,0.33,0,233
HIST-014,SGW-014,0,50.327580253357034,0.0,44,2,2,0.33,0,241
HIST-014,SGW-015,0,47.05699796145048,0.0,7,0,1,0.57,1,241
HIST-014,SGW-016,0,39.0448132800594,0.0,5,0,0,0.72,0,262
HIST-014,SGW-017,0,38.85377217992459,0.0,21,0,0,0.51,0,270
HIST-014,SGW-018,0,40.553711482526246,0.0,40,2,0,0.57,0,280
HIST-014,SGW-019,0,36.76346578445307,0.0,44,0,2,0.51,0,288
HIST-014,SGW-020,0,39.475957437650976,0.0,30,0,0,0.39,0,269
HIST-014,SGW-021,0,31.47757345918597,0.0,7,1,0,0.46,0,359
HIST-014,SGW-022,0,31.184519913707582,0.0,11,0,0,0.77,1,329
HIST-014,SGW-023,0,31.17375644426043,0.0,11,0,1,0.67,0,330
HIST-014,SGW-024,0,30.739817941422302,0.0,12,1,0,0.48,0,334
HIST-014,SGW-025,0,30.23559752429984,0.0,13,3,0,0.61,0,305
HIST-014,SGW-026,0,28.403811304145623,0.0,5,0,0,1.0,1,397
HIST-014,SGW-027,0,29.191260302956216,0.0,37,2,4,0.76,1,389
HIST-014,SGW-028,0,28.548855281364478,0.0,30,1,1,0.57,0,406
HIST-014,SGW-029,0,29.140388570097485,0.0,34,0,1,0.92,0,403
HIST-014,SGW-030,0,28.163235355494336,0.0,13,1,0,0.97,0,395
HIST-015,SGW-001,0,22.206996376697575,0.0,6,0,2,0.35,1,11
HIST-015,SGW-002,0,22.975370640099218,0.0,22,1,3,0.53,0,1
HIST-015,SGW-003,0,22.692920829078712,0.0,34,3,1,0.33,1,10
HIST-015,SGW-004,0,22.72674699314643,0.0,21,1,1,0.45,1,10
HIST-015,SGW-005,0,22.425731399766477,0.0,24,0,0,0.22,1,1
HIST-015,SGW-006,0,24.5963780348324,0.0,37,0,1,0.42,0,131
HIST-015,SGW-007,0,24.393698227270498,0.0,8,2,1,0.4,1,144
HIST-015,SGW-008,0,24.336257689201563,0.0,24,1,0,0.44,0,127
HIST-015,SGW-009,0,24.50564526779269,0.0,22,3,0,0.31,0,123
HIST-015,SGW-010,0,24.435147478410112,0.0,22,2,2,0.3,0,153
HIST-015,SGW-011,0,32.05619795639728,0.0,10,0,2,0.5,1,230
HIST-015,SGW-012,0,32.570719049476956,0.0,31,3,1,0.31,1,241
HIST-015,SGW-013,0,30.47294221462529,0.0,31,1,2,0.33,0,233
HIST-015,SGW-014,0,30.892198707980583,0.0,44,2,2,0.33,0,241
HIST-015,SGW-015,0,31.758988306971347,0.0,7,0,1,0.57,1,241
HIST-015,SGW-016,0,32.15878092896966,0.0,5,0,0,0.72,0,262
HIST-015,SGW-017,1,33.79260344696865,0.0,21,0,0,0.51,0,270
HIST-015,SGW-018,0,33.20776382019166,0.0,40,2,0,0.57,0,280
HIST-015,SGW-019,0,35.92990306943613,0.0,44,0,2,0.51,0,288
HIST-015,SGW-020,0,34.46026706888874,0.0,30,0,0,0.39,0,269
HIST-015,SGW-021,0,50.830710623480314,0.0,7,1,0,0.46,0,359
HIST-015,SGW-022,0,48.89186482834787,0.0,11,0,0,0.77,1,329
HIST-015,SGW-023,0,50.524826601431464,0.0,11,0,1,0.67,0,330
HIST-015,SGW-024,0,51.84297395119598,0.0,12,1,0,0.48,0,334
HIST-015,SGW-025,0,52.14527999003336,0.0,13,3,0,0.61,0,305
HIST-015,SGW-026,0,63.27668739726955,0.0,5,0,0,1.0,1,397
HIST-015,SGW-027,0,61.95136793260198,0.0,37,2,4,0.76,1,389
HIST-015,SGW-028,0,61.87896513041347,0.0,30,1,1,0.57,0,406
HIST-015,SGW-029,0,66.40473059266249,0.0,34,0,1,0.92,0,403
HIST-015,SGW-030,0,59.9286156595844,0.0,13,1,0,0.97,0,395
HIST-016,SGW-001,0,23.619293100956934,0.0,6,0,2,0.35,1,11
HIST-016,SGW-002,0,24.548277408458258,0.0,22,1,3,0.53,0,1
HIST-016,SGW-003,0,24.204724468734653,0.0,34,3,1,0.33,1,10
HIST-016,SGW-004,0,24.240203881515704,0.0,21,1,1,0.45,1,10
HIST-016,SGW-005,0,23.877566801713634,0.0,24,0,0,0.22,1,1
HIST-016,SGW-006,0,26.56434803982669,0.0,37,0,1,0.42,0,131
HIST-016,SGW-007,0,26.30958567450919,0.0,8,2,1,0.4,1,144
HIST-016,SGW-008,0,26.23778326974147,0.0,24,1,0,0.44,0,127
HIST-016,SGW-009,0,26.44904227083189,0.0,22,3,0,0.31,0,123
HIST-016,SGW-010,0,26.36121853783747,0.0,22,2,2,0.3,0,153
HIST-016,SGW-011,0,36.824266065652765,0.0,10,0,2,0.5,1,230
HIST-016,SGW-012,0,37.61514546017219,0.0,31,3,1,0.31,1,241
HIST-016,SGW-013,0,34.37753183409397,0.0,31,1,2,0.33,0,233
HIST-016,SGW-014,0,35.08031936076165,0.0,44,2,2,0.33,0,241
HIST-016,SGW-015,0,36.32879668197002,0.0,7,0,1,0.57,1,241
HIST-016,SGW-016,0,36.151337541656304,0.0,5,0,0,0.72,0,262
HIST-016,SGW-017,0,38.710058863089856,0.0,21,0,0,0.51,0,270
HIST-016,SGW-018,0,38.063622296454405,0.0,40,2,0,0.57,0,280
HIST-016,SGW-019,0,41.745177373700436,0.0,44,0,2,0.51,0,288
HIST-016,SGW-020,0,40.00628985073601,0.0,30,0,0,0.39,0,269
HIST-016,SGW-021,0,64.78243491086143,0.0,7,1,0,0.46,0,359
HIST-016,SGW-022,0,58.22956189874447,0.0,11,0,0,0.77,1,329
HIST-016,SGW-023,0,61.67742330379537,0.0,11,0,1,0.67,0,330
HIST-016,SGW-024,0,61.39128819186773,0.0,12,1,0,0.48,0,334
HIST-016,SGW-025,0,58.52125708045239,0.0,13,3,0,0.61,0,305
HIST-016,SGW-026,0,58.168232713358336,0.0,5,0,0,1.0,1,397
HIST-016,SGW-027,0,65.77846305120221,0.0,37,2,4,0.76,1,389
HIST-016,SGW-028,0,56.325723606933934,0.0,30,1,1,0.57,0,406
HIST-016,SGW-029,0,64.71987299088204,0.0,34,0,1,0.92,0,403
HIST-016,SGW-030,0,53.023841567522545,0.0,13,1,0,0.97,0,395
HIST-017,SGW-001,1,52.83954182817049,0.145,6,0,2,0.35,1,11
HIST-017,SGW-002,0,59.188960373721535,0.195,22,1,3,0.53,0,1
HIST-017,SGW-003,0,56.46266631190981,0.15000000000000002,34,3,1,0.33,1,10
HIST-017,SGW-004,0,65.42384134038778,0.15000000000000002,21,1,1,0.45,1,10
HIST-017,SGW-005,0,61.71685721879963,0.195,24,0,0,0.22,1,1
HIST-017,SGW-006,0,52.416349953400974,0.0,37,0,1,0.42,0,131
HIST-017,SGW-007,0,54.52438062236055,0.0,8,2,1,0.4,1,144
HIST-017,SGW-008,0,55.25419046165906,0.0,24,1,0,0.44,0,127
HIST-017,SGW-009,0,53.00719975213219,0.0,22,3,0,0.31,0,123
HIST-017,SGW-010,0,53.95027747478679,0.0,22,2,2,0.3,0,153
HIST-017,SGW-011,0,30.956757939230627,0.0,10,0,2,0.5,1,230
HIST-017,SGW-012,0,30.529620506131415,0.0,31,3,1,0.31,1,241
HIST-017,SGW-013,0,31.988267329307806,0.0,31,1,2,0.33,0,233
HIST-017,SGW-014,0,32.074343601976686,0.0,44,2,2,0.33,0,241
HIST-017,SGW-015,0,31.046470854033874,0.0,7,0,1,0.57,1,241
HIST-017,SGW-016,0,28.411169914118126,0.0,5,0,0,0.72,0,262
HIST-017,SGW-017,0,28.08994056422324,0.0,21,0,0,0.51,0,270
HIST-017,SGW-018,0,28.802821136088962,0.0,40,2,0,0.57,0,280
HIST-017,SGW-019,0,27.03097070777002,0.0,44,0,2,0.51,0,288
HIST-017,SGW-020,0,28.240876224375803,0.0,30,0,0,0.39,0,269
HIST-017,SGW-021,0,24.146366831633344,0.0,7,1,0,0.46,0,359
HIST-017,SGW-022,0,24.009256444131616,0.0,11,0,0,0.77,1,329
HIST-017,SGW-023,0,23.98958596782609,0.0,11,0,1,0.67,0,330
HIST-017,SGW-024,0,23.74865115048366,0.0,12,1,0,0.48,0,334
HIST-017,SGW-025,0,23.471856885179555,0.0,13,3,0,0.61,0,305
HIST-017,SGW-026,0,22.376152812774894,0.0,5,0,0,1.0,1,397
HIST-017,SGW-027,0,22.834776218902732,0.0,37,2,4,0.76,1,389
HIST-017,SGW-028,0,22.47255971221345,0.0,30,1,1,0.57,0,406
HIST-017,SGW-029,0,22.80885539525456,0.0,34,0,1,0.92,0,403
HIST-017,SGW-030,0,22.246700529969132,0.0,13,1,0,0.97,0,395
HIST-018,SGW-001,0,49.0413798181498,0.0,6,0,2,0.35,1,11
HIST-018,SGW-002,1,56.317551555446386,0.39,22,1,3,0.53,0,1
HIST-018,SGW-003,0,53.27967311623432,0.0,34,3,1,0.33,1,10
HIST-018,SGW-004,0,52.96999047351545,0.30000000000000004,21,1,1,0.45,1,10
HIST-018,SGW-005,0,50.01162149904512,0.0,24,0,0,0.22,1,1
HIST-018,SGW-006,0,56.671153999258195,0.0,37,0,1,0.42,0,131
HIST-018,SGW-007,0,69.39278079196977,0.0,8,2,1,0.4,1,144
HIST-018,SGW-008,0,72.3972876957812,0.0,24,1,0,0.44,0,127
HIST-018,SGW-009,0,66.30682338050367,0.0,22,3,0,0.31,0,123
HIST-018,SGW-010,0,68.06943351298803,0.0,22,2,2,0.3,0,153
HIST-018,SGW-011,0,46.3481033715806,0.0,10,0,2,0.5,1,230
HIST-018,SGW-012,0,45.205784352844184,0.0,31,3,1,0.31,1,241
HIST-018,SGW-013,0,48.42907254657943,0.0,31,1,2,0.33,0,233
HIST-018,SGW-014,0,49.49771909480027,0.0,44,2,2,0.33,0,241
HIST-018,SGW-015,0,46.38511423603385,0.0,7,0,1,0.57,1,241
HIST-018,SGW-016,0,38.71480030961779,0.0,5,0,0,0.72,0,262
HIST-018,SGW-017,0,38.503675780139254,0.0,21,0,0,0.51,0,270
HIST-018,SGW-018,0,40.151714395513814,0.0,40,2,0,0.57,0,280
HIST-018,SGW-019,0,36.45823276637088,0.0,44,0,2,0.51,0,288
HIST-018,SGW-020,0,39.094488022636824,0.0,30,0,0,0.39,0,269
HIST-018,SGW-021,0,31.272953690742277,0.0,7,1,0,0.46,0,359
HIST-018,SGW-022,0,30.9874629721504,0.0,11,0,0,0.77,1,329
HIST-018,SGW-023,0,30.975800826301928,0.0,11,0,1,0.67,0,330
HIST-018,SGW-024,0,30.54999794472815,0.0,12,1,0,0.48,0,334
HIST-018,SGW-025,0,30.055471131960413,0.0,13,3,0,0.61,0,305
HIST-018,SGW-026,0,28.25214983044236,0.0,5,0,0,1.0,1,397
HIST-018,SGW-027,0,29.026395096151514,0.0,37,2,4,0.76,1,389
HIST-018,SGW-028,0,28.39562548400252,0.0,30,1,1,0.57,0,406
HIST-018,SGW-029,0,28.97665168185164,0.0,34,0,1,0.92,0,403
HIST-018,SGW-030,0,28.016359655628403,0.0,13,1,0,0.97,0,395
HIST-019,SGW-001,0,66.44321987012282,0.145,6,0,2,0.35,1,11
HIST-019,SGW-002,0,49.7142777944243,0.195,22,1,3,0.53,0,1
HIST-019,SGW-003,0,53.81497826618963,0.15000000000000002,34,3,1,0.33,1,10
HIST-019,SGW-004,0,66.03099572863091,0.15000000000000002,21,1,1,0.45,1,10
HIST-019,SGW-005,0,63.95005281418148,0.195,24,0,0,0.22,1,1
HIST-019,SGW-006,0,57.44314864200602,0.0,37,0,1,0.42,0,131
HIST-019,SGW-007,0,49.31723565090686,0.0,8,2,1,0.4,1,144
HIST-019,SGW-008,0,46.48462387429996,0.0,24,1,0,0.44,0,127
HIST-019,SGW-009,0,56.0038355575786,0.0,22,3,0,0.31,0,123
HIST-019,SGW-010,0,51.79640647959432,0.0,22,2,2,0.3,0,153
HIST-019,SGW-011,0,33.855104817322854,0.0,10,0,2,0.5,1,230
HIST-019,SGW-012,0,33.300585876356266,0.0,31,3,1,0.31,1,241
HIST-019,SGW-013,0,35.12657075523867,0.0,31,1,2,0.33,0,233
HIST-019,SGW-014,0,35.32440043821013,0.0,44,2,2,0.33,0,241
HIST-019,SGW-015,0,33.94928449034118,0.0,7,0,1,0.57,1,241
HIST-019,SGW-016,0,30.416806548399816,0.0,5,0,0,0.72,0,262
HIST-019,SGW-017,0,30.093244583831545,0.0,21,0,0,0.51,0,270
HIST-019,SGW-018,1,30.992659120991153,0.0,40,2,0,0.57,0,280
HIST-019,SGW-019,0,28.820641521015233,0.0,44,0,2,0.51,0,288
HIST-019,SGW-020,0,30.32010347193346,0.0,30,0,0,0.39,0,269
HIST-019,SGW-021,0,25.435809434391636,0.0,7,1,0,0.46,0,359
HIST-019,SGW-022,0,25.267818832456605,0.0,11,0,0,0.77,1,329
HIST-019,SGW-023,0,25.249289235499166,0.0,11,0,1,0.67,0,330
HIST-019,SGW-024,0,24.968474925887158,0.0,12,1,0,0.48,0,334
HIST-019,SGW-025,0,24.64480365848583,0.0,13,3,0,0.61,0,305
HIST-019,SGW-026,0,23.394367596025607,0.0,5,0,0,1.0,1,397
HIST-019,SGW-027,0,23.92152975663161,0.0,37,2,4,0.76,1,389
HIST-019,SGW-028,0,23.501234356187148,0.0,30,1,1,0.57,0,406
HIST-019,SGW-029,0,23.890531134625242,0.0,34,0,1,0.92,0,403
HIST-019,SGW-030,0,23.24197272317057,0.0,13,1,0,0.97,0,395
HIST-020,SGW-001,0,40.38052901081116,0.0,6,0,2,0.35,1,11
HIST-020,SGW-002,0,43.184403309253966,0.0,22,1,3,0.53,0,1
HIST-020,SGW-003,0,42.1084420901106,0.0,34,3,1,0.33,1,10
HIST-020,SGW-004,0,42.10680537636065,0.0,21,1,1,0.45,1,10
HIST-020,SGW-005,0,41.044553442140355,0.0,24,0,0,0.22,1,1
HIST-020,SGW-006,0,50.60391930661686,0.0,37,0,1,0.42,0,131
HIST-020,SGW-007,0,49.586856362528934,0.0,8,2,1,0.4,1,144
HIST-020,SGW-008,0,49.31228003894517,0.0,24,1,0,0.44,0,127
HIST-020,SGW-009,0,50.10417112701171,0.0,22,3,0,0.31,0,123
HIST-020,SGW-010,0,49.77858041231492,0.0,22,2,2,0.3,0,153
HIST-020,SGW-011,1,58.722454763709514,0.0,10,0,2,0.5,1,230
HIST-020,SGW-012,0,56.132632778747094,0.0,31,3,1,0.31,1,241
HIST-020,SGW-013,1,89.99730241032492,0.0,31,1,2,0.33,0,233
HIST-020,SGW-014,0,81.71887286620455,0.0,44,2,2,0.33,0,241
HIST-020,SGW-015,0,108.78272268348947,0.0,7,0,1,0.57,1,241
HIST-020,SGW-016,0,60.628725033022675,0.0,5,0,0,0.72,0,262
HIST-020,SGW-017,0,64.85832612551671,0.0,21,0,0,0.51,0,270
HIST-020,SGW-018,0,70.5816115950769,0.0,40,2,0,0.57,0,280
HIST-020,SGW-019,0,60.964521024342545,0.0,44,0,2,0.51,0,288
HIST-020,SGW-020,0,70.46268005861057,0.0,30,0,0,0.39,0,269
HIST-020,SGW-021,0,48.94307962662619,0.0,7,1,0,0.46,0,359
HIST-020,SGW-022,0,47.8842469529945,0.0,11,0,0,0.77,1,329
HIST-020,SGW-023,0,48.0187403384203,0.0,11,0,1,0.67,0,330
HIST-020,SGW-024,0,46.908747831847464,0.0,12,1,0,0.48,0,334
HIST-020,SGW-025,0,45.58634045084997,0.0,13,3,0,0.61,0,305
HIST-020,SGW-026,0,41.61410839401027,0.0,5,0,0,1.0,1,397
HIST-020,SGW-027,0,43.455983952296634,0.0,37,2,4,0.76,1,389
HIST-020,SGW-028,0,41.85289556563383,0.0,30,1,1,0.57,0,406
HIST-020,SGW-029,0,43.30289397427833,0.0,34,0,1,0.92,0,403
HIST-020,SGW-030,0,40.969064712157376,0.0,13,1,0,0.97,0,395
HIST-021,SGW-001,1,45.018988927038166,0.0,6,0,2,0.35,1,11
HIST-021,SGW-002,0,50.63052908447746,0.0,22,1,3,0.53,0,1
HIST-021,SGW-003,1,48.341339450898566,0.0,34,3,1,0.33,1,10
HIST-021,SGW-004,0,50.381864774320164,0.0,21,1,1,0.45,1,10
HIST-021,SGW-005,0,47.30567503227035,0.0,24,0,0,0.22,1,1
HIST-021,SGW-006,0,75.20227810883873,0.0,37,0,1,0.42,0,131
HIST-021,SGW-007,0,70.84394766492564,0.0,8,2,1,0.4,1,144
HIST-021,SGW-008,0,69.83665495200805,0.0,24,1,0,0.44,0,127
HIST-021,SGW-009,0,72.43361251931039,0.0,22,3,0,0.31,0,123
HIST-021,SGW-010,0,71.44981311033627,0.0,22,2,2,0.3,0,153
HIST-021,SGW-011,0,50.93444227745101,0.0,10,0,2,0.5,1,230
HIST-021,SGW-012,0,49.4399779265326,0.0,31,3,1,0.31,1,241
HIST-021,SGW-013,0,53.18134646490441,0.0,31,1,2,0.33,0,233
HIST-021,SGW-014,0,55.14607216636274,0.0,44,2,2,0.33,0,241
HIST-021,SGW-015,0,50.857776142219365,0.0,7,0,1,0.57,1,241
HIST-021,SGW-016,0,40.767842847693814,0.0,5,0,0,0.72,0,262
HIST-021,SGW-017,0,40.71191362783737,0.0,21,0,0,0.51,0,270
HIST-021,SGW-018,0,42.70665759356861,0.0,40,2,0,0.57,0,280
HIST-021,SGW-019,0,38.38094616251772,0.0,44,0,2,0.51,0,288
HIST-021,SGW-020,0,41.52438528085328,0.0,30,0,0,0.39,0,269
HIST-021,SGW-021,0,32.55239383787303,0.0,7,1,0,0.46,0,359
HIST-021,SGW-022,0,32.21696201783622,0.0,11,0,0,0.77,1,329
HIST-021,SGW-023,0,32.21172618036138,0.0,11,0,1,0.67,0,330
HIST-021,SGW-024,0,31.73350929588617,0.0,12,1,0,0.48,0,334
HIST-021,SGW-025,0,31.17641261764702,0.0,13,3,0,0.61,0,305
HIST-021,SGW-026,0,29.19234159295858,0.0,5,0,0,1.0,1,397
HIST-021,SGW-027,0,30.051031476918194,0.0,37,2,4,0.76,1,389
HIST-021,SGW-028,0,29.345459305299155,0.0,30,1,1,0.57,0,406
HIST-021,SGW-029,0,29.99393617579088,0.0,34,0,1,0.92,0,403
HIST-021,SGW-030,0,28.92563889887739,0.0,13,1,0,0.97,0,395
HIST-022,SGW-001,0,59.36170518560676,0.0,6,0,2,0.35,1,11
HIST-022,SGW-002,1,52.67965026876579,0.0,22,1,3,0.53,0,1
HIST-022,SGW-003,0,54.66447015005754,0.0,34,3,1,0.33,1,10
HIST-022,SGW-004,0,53.51684108570962,0.0,21,1,1,0.45,1,10
HIST-022,SGW-005,1,56.05915373212682,0.0,24,0,0,0.22,1,1
HIST-022,SGW-006,0,45.44091056709063,0.0,37,0,1,0.42,0,131
HIST-022,SGW-007,0,46.20009530207517,0.0,8,2,1,0.4,1,144
HIST-022,SGW-008,0,46.43846671879902,0.0,24,1,0,0.44,0,127
HIST-022,SGW-009,0,45.7135354301763,0.0,22,3,0,0.31,0,123
HIST-022,SGW-010,0,46.018726104074176,0.0,22,2,2,0.3,0,153
HIST-022,SGW-011,0,33.84743845711883,0.0,10,0,2,0.5,1,230
HIST-022,SGW-012,0,33.52448632616935,0.0,31,3,1,0.31,1,241
HIST-022,SGW-013,0,34.68392151982933,0.0,31,1,2,0.33,0,233
HIST-022,SGW-014,0,34.674950532632295,0.0,44,2,2,0.33,0,241
HIST-022,SGW-015,0,33.9357420723178,0.0,7,0,1,0.57,1,241
HIST-022,SGW-016,0,32.087178886401155,0.0,5,0,0,0.72,0,262
HIST-022,SGW-017,0,31.73856538049999,0.0,21,0,0,0.51,0,270
HIST-022,SGW-018,0,32.29678447001991,0.0,40,2,0,0.57,0,280
HIST-022,SGW-019,0,30.831665051719227,0.0,44,0,2,0.51,0,288
HIST-022,SGW-020,0,31.81348343316852,0.0,30,0,0,0.39,0,269
HIST-022,SGW-021,0,28.229092016032265,0.0,7,1,0,0.46,0,359
HIST-022,SGW-022,0,28.116139075836088,0.0,11,0,0,0.77,1,329
HIST-022,SGW-023,0,28.091163580973888,0.0,11,0,1,0.67,0,330
HIST-022,SGW-024,0,27.870116300346094,0.0,12,1,0,0.48,0,334
HIST-022,SGW-025,0,27.617946026508726,0.0,13,3,0,0.61,0,305
HIST-022,SGW-026,0,26.568087883957592,0.0,5,0,0,1.0,1,397
HIST-022,SGW-027,0,27.001410542828403,0.0,37,2,4,0.76,1,389
HIST-022,SGW-028,0,26.66602217383161,0.0,30,1,1,0.57,0,406
HIST-022,SGW-029,0,26.978961896306743,0.0,34,0,1,0.92,0,403
HIST-022,SGW-030,0,26.452164148459474,0.0,13,1,0,0.97,0,395
HIST-023,SGW-001,0,23.956751964024797,0.0,6,0,2,0.35,1,11
HIST-023,SGW-002,0,24.927276054975533,0.0,22,1,3,0.53,0,1
HIST-023,SGW-003,0,24.567824559295545,0.0,34,3,1,0.33,1,10
HIST-023,SGW-004,0,24.603468804283924,0.0,21,1,1,0.45,1,10
HIST-023,SGW-005,0,24.224971804230805,0.0,24,0,0,0.22,1,1
HIST-023,SGW-006,0,27.048632309921285,0.0,37,0,1,0.42,0,131
HIST-023,SGW-007,0,26.779834179220884,0.0,8,2,1,0.4,1,144
HIST-023,SGW-008,0,26.70418366654244,0.0,24,1,0,0.44,0,127
HIST-023,SGW-009,0,26.926632351592215,0.0,22,3,0,0.31,0,123
HIST-023,SGW-010,0,26.834184987199052,0.0,22,2,2,0.3,0,153
HIST-023,SGW-011,0,38.1467009151325,0.0,10,0,2,0.5,1,230
HIST-023,SGW-012,0,39.02960591769817,0.0,31,3,1,0.31,1,241
HIST-023,SGW-013,0,35.41420659052718,0.0,31,1,2,0.33,0,233
HIST-023,SGW-014,0,36.21495636761261,0.0,44,2,2,0.33,0,241
HIST-023,SGW-015,0,37.5812237167323,0.0,7,0,1,0.57,1,241
HIST-023,SGW-016,0,37.14432277686715,0.0,5,0,0,0.72,0,262
HIST-023,SGW-017,0,39.98561085205282,0.0,21,0,0,0.51,0,270
HIST-023,SGW-018,0,39.351664333309174,0.0,40,2,0,0.57,0,280
HIST-023,SGW-019,0,43.24435452903187,0.0,44,0,2,0.51,0,288
HIST-023,SGW-020,0,41.51037079660971,0.0,30,0,0,0.39,0,269
HIST-023,SGW-021,0,66.4347268141064,0.0,7,1,0,0.46,0,359
HIST-023,SGW-022,0,58.98602742410242,0.0,11,0,0,0.77,1,329
HIST-023,SGW-023,0,62.50637289064239,0.0,11,0,1,0.67,0,330
HIST-023,SGW-024,1,61.41606072406054,0.0,12,1,0,0.48,0,334
HIST-023,SGW-025,0,57.89753481204266,0.0,13,3,0,0.61,0,305
HIST-023,SGW-026,0,54.829897769809094,0.0,5,0,0,1.0,1,397
HIST-023,SGW-027,1,62.66047085749736,0.0,37,2,4,0.76,1,389
HIST-023,SGW-028,0,53.685265203076604,0.0,30,1,1,0.57,0,406
HIST-023,SGW-029,0,60.87167835372384,0.0,34,0,1,0.92,0,403
HIST-023,SGW-030,0,50.69992072174799,0.0,13,1,0,0.97,0,395
HIST-024,SGW-001,0,51.31551263249035,0.0,6,0,2,0.35,1,11
HIST-024,SGW-002,0,57.7428179497131,0.0,22,1,3,0.53,0,1
HIST-024,SGW-003,0,55.36822214972951,0.0,34,3,1,0.33,1,10
HIST-024,SGW-004,0,57.83727555391792,0.0,21,1,1,0.45,1,10
HIST-024,SGW-005,0,54.541156467666816,0.0,24,0,0,0.22,1,1
HIST-024,SGW-006,0,78.91578444020944,0.0,37,0,1,0.42,0,131
HIST-024,SGW-007,0,75.33225407815188,0.0,8,2,1,0.4,1,144
HIST-024,SGW-008,0,74.46011491573611,0.0,24,1,0,0.44,0,127
HIST-024,SGW-009,0,76.81223900888821,0.0,22,3,0,0.31,0,123
HIST-024,SGW-010,0,75.88830191431992,0.0,22,2,2,0.3,0,153
HIST-024,SGW-011,0,65.97409405731423,0.0,10,0,2,0.5,1,230
HIST-024,SGW-012,0,63.749445523509095,0.0,31,3,1,0.31,1,241
HIST-024,SGW-013,0,68.59824547257544,0.0,31,1,2,0.33,0,233
HIST-024,SGW-014,0,72.36779732827031,0.0,44,2,2,0.33,0,241
HIST-024,SGW-015,0,65.67865853666225,0.0,7,0,1,0.57,1,241
HIST-024,SGW-016,0,50.7474574876466,0.0,5,0,0,0.72,0,262
HIST-024,SGW-017,0,50.88499332080838,0.0,21,0,0,0.51,0,270
HIST-024,SGW-018,0,53.63529613211087,0.0,40,2,0,0.57,0,280
HIST-024,SGW-019,0,47.82406004870928,0.0,44,0,2,0.51,0,288
HIST-024,SGW-020,0,52.115600339525336,0.0,30,0,0,0.39,0,269
HIST-024,SGW-021,0,40.22314249646498,0.0,7,1,0,0.46,0,359
HIST-024,SGW-022,0,39.77005618378798,0.0,11,0,0,0.77,1,329
HIST-024,SGW-023,0,39.77125504797587,0.0,11,0,1,0.67,0,330
HIST-024,SGW-024,0,39.14692678709948,0.0,12,1,0,0.48,0,334
HIST-024,SGW-025,0,38.417925293140684,0.0,13,3,0,0.61,0,305
HIST-024,SGW-026,0,35.86817162926674,0.0,5,0,0,1.0,1,397
HIST-024,SGW-027,0,36.97871907838794,0.0,37,2,4,0.76,1,389
HIST-024,SGW-028,0,36.060300082699264,0.0,30,1,1,0.57,0,406
HIST-024,SGW-029,0,36.90296014699034,0.0,34,0,1,0.92,0,403
HIST-024,SGW-030,0,35.518208226209026,0.0,13,1,0,0.97,0,395
HIST-025,SGW-001,0,45.14396222147788,0.0,6,0,2,0.35,1,11
HIST-025,SGW-002,0,49.11486201604971,0.0,22,1,3,0.53,0,1
HIST-025,SGW-003,0,47.55791128372676,0.0,34,3,1,0.33,1,10
HIST-025,SGW-004,0,47.45453160088891,0.0,21,1,1,0.45,1,10
HIST-025,SGW-005,0,45.98689652843324,0.0,24,0,0,0.22,1,1
HIST-025,SGW-006,0,61.23342214325324,0.0,37,0,1,0.42,0,131
HIST-025,SGW-007,1,59.45899388353556,0.0,8,2,1,0.4,1,144
HIST-025,SGW-008,0,58.99704974042519,0.0,24,1,0,0.44,0,127
HIST-025,SGW-009,0,60.30257679232952,0.0,22,3,0,0.31,0,123
HIST-025,SGW-010,0,59.772519522392635,0.0,22,2,2,0.3,0,153
HIST-025,SGW-011,0,86.04420542281642,0.0,10,0,2,0.5,1,230
HIST-025,SGW-012,0,81.31603227336228,0.0,31,3,1,0.31,1,241
HIST-025,SGW-013,0,83.60109782780319,0.0,31,1,2,0.33,0,233
HIST-025,SGW-014,0,100.66606777139309,0.0,44,2,2,0.33,0,241
HIST-025,SGW-015,0,83.3735670841277,0.0,7,0,1,0.57,1,241
HIST-025,SGW-016,0,55.12175587118633,0.0,5,0,0,0.72,0,262
HIST-025,SGW-017,1,56.30696838987853,0.0,21,0,0,0.51,0,270
HIST-025,SGW-018,0,60.283148968409165,0.0,40,2,0,0.57,0,280
HIST-025,SGW-019,0,52.55873636268472,0.0,44,0,2,0.51,0,288
HIST-025,SGW-020,0,58.67077448154398,0.0,30,0,0,0.39,0,269
HIST-025,SGW-021,0,43.172884888634535,0.0,7,1,0,0.46,0,359
HIST-025,SGW-022,0,42.54151947586472,0.0,11,0,0,0.77,1,329
HIST-025,SGW-023,0,42.575912522052086,0.0,11,0,1,0.67,0,330
HIST-025,SGW-024,0,41.79196408143569,0.0,12,1,0,0.48,0,334
HIST-025,SGW-025,0,40.869887207222554,0.0,13,3,0,0.61,0,305
HIST-025,SGW-026,0,37.82241348068235,0.0,5,0,0,1.0,1,397
HIST-025,SGW-027,0,39.17828220565408,0.0,37,2,4,0.76,1,389
HIST-025,SGW-028,0,38.03475723680925,0.0,30,1,1,0.57,0,406
HIST-025,SGW-029,0,39.07838872476595,0.0,34,0,1,0.92,0,403
HIST-025,SGW-030,0,37.37661551048262,0.0,13,1,0,0.97,0,395
HIST-026,SGW-001,0,27.8053715803369,0.0,6,0,2,0.35,1,11
HIST-026,SGW-002,0,29.344356427290624,0.0,22,1,3,0.53,0,1
HIST-026,SGW-003,0,28.763738796437078,0.0,34,3,1,0.33,1,10
HIST-026,SGW-004,0,28.79134009050183,0.0,21,1,1,0.45,1,10
HIST-026,SGW-005,0,28.199152041463627,0.0,24,0,0,0.22,1,1
HIST-026,SGW-006,0,33.039831949435076,0.0,37,0,1,0.42,0,131
HIST-026,SGW-007,0,32.55379650409473,0.0,8,2,1,0.4,1,144
HIST-026,SGW-008,0,32.4196553597652,0.0,24,1,0,0.44,0,127
HIST-026,SGW-009,0,32.81070983934748,0.0,22,3,0,0.31,0,123
HIST-026,SGW-010,0,32.64893508079223,0.0,22,2,2,0.3,0,153
HIST-026,SGW-011,0,64.8362570439492,0.0,10,0,2,0.5,1,230
HIST-026,SGW-012,0,60.92433670505469,0.0,31,3,1,0.31,1,241
HIST-026,SGW-013,0,58.0760407141063,0.0,31,1,2,0.33,0,233
HIST-026,SGW-014,0,56.27589466475459,0.0,44,2,2,0.33,0,241
HIST-026,SGW-015,0,60.46413750066581,0.0,7,0,1,0.57,1,241
HIST-026,SGW-016,0,46.592996922594544,0.0,5,0,0,0.72,0,262
HIST-026,SGW-017,0,52.50224854915575,0.0,21,0,0,0.51,0,270
HIST-026,SGW-018,0,54.818394539689415,0.0,40,2,0,0.57,0,280
HIST-026,SGW-019,0,53.35543698340439,0.0,44,0,2,0.51,0,288
HIST-026,SGW-020,0,59.00491291791449,0.0,30,0,0,0.39,0,269
HIST-026,SGW-021,0,45.73576709593822,0.0,7,1,0,0.46,0,359
HIST-026,SGW-022,0,43.8955723051673,0.0,11,0,0,0.77,1,329
HIST-026,SGW-023,0,44.31567562743413,0.0,11,0,1,0.67,0,330
HIST-026,SGW-024,0,42.89946164774788,0.0,12,1,0,0.48,0,334
HIST-026,SGW-025,0,41.15918881914594,0.0,13,3,0,0.61,0,305
HIST-026,SGW-026,0,36.79673205674121,0.0,5,0,0,1.0,1,397
HIST-026,SGW-027,0,39.038848844778066,0.0,37,2,4,0.76,1,389
HIST-026,SGW-028,0,36.97633797555091,0.0,30,1,1,0.57,0,406
HIST-026,SGW-029,0,38.8096633548089,0.0,34,0,1,0.92,0,403
HIST-026,SGW-030,0,35.930623040624056,0.0,13,1,0,0.97,0,395
HIST-027,SGW-001,0,28.450533842941585,0.0,6,0,2,0.35,1,11
HIST-027,SGW-002,0,29.797055896476365,0.0,22,1,3,0.53,0,1
HIST-027,SGW-003,0,29.29406010812703,0.0,34,3,1,0.33,1,10
HIST-027,SGW-004,0,29.332004544284136,0.0,21,1,1,0.45,1,10
HIST-027,SGW-005,0,28.809905519264362,0.0,24,0,0,0.22,1,1
HIST-027,SGW-006,0,32.86727315491935,0.0,37,0,1,0.42,0,131
HIST-027,SGW-007,0,32.47181019303427,0.0,8,2,1,0.4,1,144
HIST-027,SGW-008,0,32.36146229903462,0.0,24,1,0,0.44,0,127
HIST-027,SGW-009,0,32.68474629375834,0.0,22,3,0,0.31,0,123
HIST-027,SGW-010,0,32.55065016161487,0.0,22,2,2,0.3,0,153
HIST-027,SGW-011,0,52.213722502029775,0.0,10,0,2,0.5,1,230
HIST-027,SGW-012,0,54.14129399720445,0.0,31,3,1,0.31,1,241
HIST-027,SGW-013,0,46.32701277018136,0.0,31,1,2,0.33,0,233
HIST-027,SGW-014,0,48.25362939138712,0.0,44,2,2,0.33,0,241
HIST-027,SGW-015,0,50.788784216328786,0.0,7,0,1,0.57,1,241
HIST-027,SGW-016,0,46.841125245469335,0.0,5,0,0,0.72,0,262
HIST-027,SGW-017,0,52.03944007998542,0.0,21,0,0,0.51,0,270
HIST-027,SGW-018,0,51.98969486435879,0.0,40,2,0,0.57,0,280
HIST-027,SGW-019,0,56.1867818038727,0.0,44,0,2,0.51,0,288
HIST-027,SGW-020,0,56.03286344905697,0.0,30,0,0,0.39,0,269
HIST-027,SGW-021,0,62.65337879102569,0.0,7,1,0,0.46,0,359
HIST-027,SGW-022,0,57.81024934755785,0.0,11,0,0,0.77,1,329
HIST-027,SGW-023,0,59.36614865642999,0.0,11,0,1,0.67,0,330
HIST-027,SGW-024,0,56.94874470744223,0.0,12,1,0,0.48,0,334
HIST-027,SGW-025,0,53.69861490469994,0.0,13,3,0,0.61,0,305
HIST-027,SGW-026,0,47.3687550375147,0.0,5,0,0,1.0,1,397
HIST-027,SGW-027,1,51.4679076792946,0.0,37,2,4,0.76,1,389
HIST-027,SGW-028,0,47.41436585960505,0.0,30,1,1,0.57,0,406
HIST-027,SGW-029,0,50.92049091777933,0.0,34,0,1,0.92,0,403
HIST-027,SGW-030,0,45.60375304122386,0.0,13,1,0,0.97,0,395
HIST-028,SGW-001,0,34.119350924717935,0.0,6,0,2,0.35,1,11
HIST-028,SGW-002,1,35.7803728558877,0.0,22,1,3,0.53,0,1
HIST-028,SGW-003,0,35.15884829169004,0.0,34,3,1,0.33,1,10
HIST-028,SGW-004,0,35.20280613437523,0.0,21,1,1,0.45,1,10
HIST-028,SGW-005,0,34.5595527792419,0.0,24,0,0,0.22,1,1
HIST-028,SGW-006,0,39.600311450966814,0.0,37,0,1,0.42,0,131
HIST-028,SGW-007,0,39.106604293105626,0.0,8,2,1,0.4,1,144
HIST-028,SGW-008,0,38.9690881980718,0.0,24,1,0,0.44,0,127
HIST-028,SGW-009,0,39.37165047002744,0.0,22,3,0,0.31,0,123
HIST-028,SGW-010,0,39.20473977646907,0.0,22,2,2,0.3,0,153
HIST-028,SGW-011,0,64.74841081494233,0.0,10,0,2,0.5,1,230
HIST-028,SGW-012,1,67.39950473088611,0.0,31,3,1,0.31,1,241
HIST-028,SGW-013,0,56.716801397302234,0.0,31,1,2,0.33,0,233
HIST-028,SGW-014,0,59.39853085273439,0.0,44,2,2,0.33,0,241
HIST-028,SGW-015,0,62.72580955005185,0.0,7,0,1,0.57,1,241
HIST-028,SGW-016,0,56.608495833576704,0.0,5,0,0,0.72,0,262
HIST-028,SGW-017,0,63.21752688105238,0.0,21,0,0,0.51,0,270
HIST-028,SGW-018,0,63.51546341391475,0.0,40,2,0,0.57,0,280
HIST-028,SGW-019,0,67.83988027141163,0.0,44,0,2,0.51,0,288
HIST-028,SGW-020,0,68.67353972472802,0.0,30,0,0,0.39,0,269
HIST-028,SGW-021,0,70.90695871691015,0.0,7,1,0,0.46,0,359
HIST-028,SGW-022,0,66.08820952138895,0.0,11,0,0,0.77,1,329
HIST-028,SGW-023,0,67.54850797335274,0.0,11,0,1,0.67,0,330
HIST-028,SGW-024,0,64.88421363885217,0.0,12,1,0,0.48,0,334
HIST-028,SGW-025,0,61.405838187010104,0.0,13,3,0,0.61,0,305
HIST-028,SGW-026,0,54.22162464754008,0.0,5,0,0,1.0,1,397
HIST-028,SGW-027,1,58.57572764829033,0.0,37,2,4,0.76,1,389
HIST-028,SGW-028,0,54.340768940643414,0.0,30,1,1,0.57,0,406
HIST-028,SGW-029,0,58.028821540027714,0.0,34,0,1,0.92,0,403
HIST-028,SGW-030,0,52.39003893926666,0.0,13,1,0,0.97,0,395
HIST-029,SGW-001,0,50.345920685426414,0.0,6,0,2,0.35,1,11
HIST-029,SGW-002,0,55.92349252556162,0.0,22,1,3,0.53,0,1
HIST-029,SGW-003,0,53.68087382706652,0.0,34,3,1,0.33,1,10
HIST-029,SGW-004,0,53.34965108005989,0.0,21,1,1,0.45,1,10
HIST-029,SGW-005,0,51.36407981089061,0.0,24,0,0,0.22,1,1
HIST-029,SGW-006,0,76.88994952281294,0.0,37,0,1,0.42,0,131
HIST-029,SGW-007,0,73.47432209612514,0.0,8,2,1,0.4,1,144
HIST-029,SGW-008,0,72.63966830026239,0.0,24,1,0,0.44,0,127
HIST-029,SGW-009,0,74.89786998317268,0.0,22,3,0,0.31,0,123
HIST-029,SGW-010,0,74.00869282549228,0.0,22,2,2,0.3,0,153
HIST-029,SGW-011,0,65.60777004007049,0.0,10,0,2,0.5,1,230
HIST-029,SGW-012,0,63.36118391391434,0.0,31,3,1,0.31,1,241
HIST-029,SGW-013,0,68.1677264857425,0.0,31,1,2,0.33,0,233
HIST-029,SGW-014,1,72.07927008982595,0.0,44,2,2,0.33,0,241
HIST-029,SGW-015,0,65.28709967244008,0.0,7,0,1,0.57,1,241
HIST-029,SGW-016,0,50.22808019568662,0.0,5,0,0,0.72,0,262
HIST-029,SGW-017,0,50.389014920865336,0.0,21,0,0,0.51,0,270
HIST-029,SGW-018,0,53.14066351132412,0.0,40,2,0,0.57,0,280
HIST-029,SGW-019,0,47.34306155303885,0.0,44,0,2,0.51,0,288
HIST-029,SGW-020,0,51.632594866202915,0.0,30,0,0,0.39,0,269
HIST-029,SGW-021,0,39.78332808888488,0.0,7,1,0,0.46,0,359
HIST-029,SGW-022,0,39.33094697441742,0.0,11,0,0,0.77,1,329
HIST-029,SGW-023,0,39.33301161376761,0.0,11,0,1,0.67,0,330
HIST-029,SGW-024,0,38.71192691776599,0.0,12,1,0,0.48,0,334
HIST-029,SGW-025,0,37.98653096686472,0.0,13,3,0,0.61,0,305
HIST-029,SGW-026,0,35.45433820473503,0.0,5,0,0,1.0,1,397
HIST-029,SGW-027,0,36.55800731312324,0.0,37,2,4,0.76,1,389
HIST-029,SGW-028,0,35.64464631773161,0.0,30,1,1,0.57,0,406
HIST-029,SGW-029,0,36.48251142084717,0.0,34,0,1,0.92,0,403
HIST-029,SGW-030,0,35.10600771372227,0.0,13,1,0,0.97,0,395
HIST-030,SGW-001,0,49.03712004362829,0.0,6,0,2,0.35,1,11
HIST-030,SGW-002,0,54.02568983581302,0.0,22,1,3,0.53,0,1
HIST-030,SGW-003,0,52.03943874595128,0.0,34,3,1,0.33,1,10
HIST-030,SGW-004,0,51.810648794894966,0.0,21,1,1,0.45,1,10
HIST-030,SGW-005,1,50.006388965284835,0.0,24,0,0,0.22,1,1
HIST-030,SGW-006,0,71.19864282912683,0.0,37,0,1,0.42,0,131
HIST-030,SGW-007,0,68.52803431914684,0.0,8,2,1,0.4,1,144
HIST-030,SGW-008,0,67.85666077418934,0.0,24,1,0,0.44,0,127
HIST-030,SGW-009,0,69.71148441120025,0.0,22,3,0,0.31,0,123
HIST-030,SGW-010,0,68.96991910101421,0.0,22,2,2,0.3,0,153
HIST-030,SGW-011,0,71.97251027157722,0.0,10,0,2,0.5,1,230
HIST-030,SGW-012,0,69.13638974065329,0.0,31,3,1,0.31,1,241
HIST-030,SGW-013,0,74.04700913648733,0.0,31,1,2,0.33,0,233
HIST-030,SGW-014,0,80.32097121341296,0.0,44,2,2,0.33,0,241
HIST-030,SGW-015,0,71.28304217802268,0.0,7,0,1,0.57,1,241
HIST-030,SGW-016,0,52.615496966780164,0.0,5,0,0,0.72,0,262
HIST-030,SGW-017,0,53.040012583969656,0.0,21,0,0,0.51,0,270
HIST-030,SGW-018,0,56.20419380946144,0.0,40,2,0,0.57,0,280
HIST-030,SGW-019,0,49.70498654156283,0.0,44,0,2,0.51,0,288
HIST-030,SGW-020,0,54.60141837540235,0.0,30,0,0,0.39,0,269
HIST-030,SGW-021,0,41.448329536832,0.0,7,1,0,0.46,0,359
HIST-030,SGW-022,0,40.93652754664621,0.0,11,0,0,0.77,1,329
HIST-030,SGW-023,0,40.94736583690649,0.0,11,0,1,0.67,0,330
HIST-030,SGW-024,0,40.266995903400655,0.0,12,1,0,0.48,0,334
HIST-030,SGW-025,0,39.47058602884242,0.0,13,3,0,0.61,0,305
HIST-030,SGW-026,0,36.73832929798645,0.0,5,0,0,1.0,1,397
HIST-030,SGW-027,0,37.93673770394705,0.0,37,2,4,0.76,1,389
HIST-030,SGW-028,0,36.93891424515323,0.0,30,1,1,0.57,0,406
HIST-030,SGW-029,0,37.85276699002264,0.0,34,0,1,0.92,0,403
HIST-030,SGW-030,0,36.35499036284548,0.0,13,1,0,0.97,0,395
HIST-031,SGW-001,0,58.60847390480944,0.29,6,0,2,0.35,1,11
HIST-031,SGW-002,1,70.4538427475543,0.39,22,1,3,0.53,0,1
HIST-031,SGW-003,0,65.30503296495695,0.30000000000000004,34,3,1,0.33,1,10
HIST-031,SGW-004,0,62.38886462112517,0.30000000000000004,21,1,1,0.45,1,10
HIST-031,SGW-005,0,59.17848260394556,0.39,24,0,0,0.22,1,1
HIST-031,SGW-006,0,47.396519523799,0.0,37,0,1,0.42,0,131
HIST-031,SGW-007,0,47.2577077630428,0.0,8,2,1,0.4,1,144
HIST-031,SGW-008,0,47.78243854126726,0.0,24,1,0,0.44,0,127
HIST-031,SGW-009,0,52.72348688956804,0.0,22,3,0,0.31,0,123
HIST-031,SGW-010,0,51.42740584295988,0.0,22,2,2,0.3,0,153
HIST-031,SGW-011,0,40.913514923352345,0.0,10,0,2,0.5,1,230
HIST-031,SGW-012,0,40.11555921638717,0.0,31,3,1,0.31,1,241
HIST-031,SGW-013,0,42.61242399881467,0.0,31,1,2,0.33,0,233
HIST-031,SGW-014,0,43.06016272391456,0.0,44,2,2,0.33,0,241
HIST-031,SGW-015,0,41.00882486047917,0.0,7,0,1,0.57,1,241
HIST-031,SGW-016,0,35.782450573355526,0.0,5,0,0,0.72,0,262
HIST-031,SGW-017,0,35.45613794854173,0.0,21,0,0,0.51,0,270
HIST-031,SGW-018,0,36.69921947686039,0.0,40,2,0,0.57,0,280
HIST-031,SGW-019,0,33.789236324992544,0.0,44,0,2,0.51,0,288
HIST-031,SGW-020,0,35.824183681228114,0.0,30,0,0,0.39,0,269
HIST-031,SGW-021,0,29.454695432716328,0.0,7,1,0,0.46,0,359
HIST-031,SGW-022,0,29.22983259998053,0.0,11,0,0,0.77,1,329
HIST-031,SGW-023,0,29.212091069272514,0.0,11,0,1,0.67,0,330
HIST-031,SGW-024,0,28.854488564927422,0.0,12,1,0,0.48,0,334
HIST-031,SGW-025,0,28.44094683245454,0.0,13,3,0,0.61,0,305
HIST-031,SGW-026,0,26.882587943674757,0.0,5,0,0,1.0,1,397
HIST-031,SGW-027,0,27.54460762558324,0.0,37,2,4,0.76,1,389
HIST-031,SGW-028,0,27.011787032808108,0.0,30,1,1,0.57,0,406
HIST-031,SGW-029,0,27.50412914339588,0.0,34,0,1,0.92,0,403
HIST-031,SGW-030,0,26.686717347910314,0.0,13,1,0,0.97,0,395
HIST-032,SGW-001,1,42.28105199061933,0.0,6,0,2,0.35,1,11
HIST-032,SGW-002,1,45.42221571437558,0.0,22,1,3,0.53,0,1
HIST-032,SGW-003,0,44.209890157895224,0.0,34,3,1,0.33,1,10
HIST-032,SGW-004,0,44.18749493964341,0.0,21,1,1,0.45,1,10
HIST-032,SGW-005,0,43.00458751728154,0.0,24,0,0,0.22,1,1
HIST-032,SGW-006,0,54.03531158524434,0.0,37,0,1,0.42,0,131
HIST-032,SGW-007,0,52.83573326376163,0.0,8,2,1,0.4,1,144
HIST-032,SGW-008,0,52.514656632312665,0.0,24,1,0,0.44,0,127
HIST-032,SGW-009,0,53.43649409410284,0.0,22,3,0,0.31,0,123
HIST-032,SGW-010,0,53.058493721430224,0.0,22,2,2,0.3,0,153
HIST-032,SGW-011,0,61.521529917770714,0.0,10,0,2,0.5,1,230
HIST-032,SGW-012,0,63.75901005206573,0.0,31,3,1,0.31,1,241
HIST-032,SGW-013,1,93.95416816005698,0.0,31,1,2,0.33,0,233
HIST-032,SGW-014,0,65.21299930691848,0.0,44,2,2,0.33,0,241
HIST-032,SGW-015,1,77.49144991380886,0.0,7,0,1,0.57,1,241
HIST-032,SGW-016,0,60.057231729857044,0.0,5,0,0,0.72,0,262
HIST-032,SGW-017,0,63.15605579272771,0.0,21,0,0,0.51,0,270
HIST-032,SGW-018,1,68.53598571628683,0.0,40,2,0,0.57,0,280
HIST-032,SGW-019,0,59.015149196088515,0.0,44,0,2,0.51,0,288
HIST-032,SGW-020,0,67.54845592078993,0.0,30,0,0,0.39,0,269
HIST-032,SGW-021,0,47.60151141404606,0.0,7,1,0,0.46,0,359
HIST-032,SGW-022,0,46.69839183480829,0.0,11,0,0,0.77,1,329
HIST-032,SGW-023,0,46.79180471415201,0.0,11,0,1,0.67,0,330
HIST-032,SGW-024,0,45.78790015844791,0.0,12,1,0,0.48,0,334
HIST-032,SGW-025,0,44.59740066210405,0.0,13,3,0,0.61,0,305
HIST-032,SGW-026,0,40.89954438749908,0.0,5,0,0,1.0,1,397
HIST-032,SGW-027,0,42.58809055265091,0.0,37,2,4,0.76,1,389
HIST-032,SGW-028,0,41.134272712132066,0.0,30,1,1,0.57,0,406
HIST-032,SGW-029,0,42.45340014690451,0.0,34,0,1,0.92,0,403
HIST-032,SGW-030,0,40.32051370583968,0.0,13,1,0,0.97,0,395
HIST-033,SGW-001,0,23.59902604478038,0.0,6,0,2,0.35,1,11
HIST-033,SGW-002,0,24.525555330835456,0.0,22,1,3,0.53,0,1
HIST-033,SGW-003,0,24.182940806411587,0.0,34,3,1,0.33,1,10
HIST-033,SGW-004,0,24.21840714185497,0.0,21,1,1,0.45,1,10
HIST-033,SGW-005,0,23.856708400046514,0.0,24,0,0,0.22,1,1
HIST-033,SGW-006,0,26.53544372735345,0.0,37,0,1,0.42,0,131
HIST-033,SGW-007,0,26.28150351520563,0.0,8,2,1,0.4,1,144
HIST-033,SGW-008,0,26.20992680114814,0.0,24,1,0,0.44,0,127
HIST-033,SGW-009,0,26.420529148453753,0.0,22,3,0,0.31,0,123
HIST-033,SGW-010,0,26.332976833842796,0.0,22,2,2,0.3,0,153
HIST-033,SGW-011,0,36.747450039382954,0.0,10,0,2,0.5,1,230
HIST-033,SGW-012,0,37.533201406383064,0.0,31,3,1,0.31,1,241
HIST-033,SGW-013,0,34.316673555806,0.0,31,1,2,0.33,0,233
HIST-033,SGW-014,0,35.01404205867652,0.0,44,2,2,0.33,0,241
HIST-033,SGW-015,0,36.255828317752986,0.0,7,0,1,0.57,1,241
HIST-033,SGW-016,0,36.09201391223278,0.0,5,0,0,0.72,0,262
HIST-033,SGW-017,0,38.63455034507913,0.0,21,0,0,0.51,0,270
HIST-033,SGW-018,0,37.98785813056533,0.0,40,2,0,0.57,0,280
HIST-033,SGW-019,0,41.65605486598598,0.0,44,0,2,0.51,0,288
HIST-033,SGW-020,0,39.91823862751493,0.0,30,0,0,0.39,0,269
HIST-033,SGW-021,0,64.64083039494031,0.0,7,1,0,0.46,0,359
HIST-033,SGW-022,0,58.157189929944316,0.0,11,0,0,0.77,1,329
HIST-033,SGW-023,0,61.5916678627583,0.0,11,0,1,0.67,0,330
HIST-033,SGW-024,0,61.35386626898739,0.0,12,1,0,0.48,0,334
HIST-033,SGW-025,0,58.532311868973544,0.0,13,3,0,0.61,0,305
HIST-033,SGW-026,0,58.38091647137658,0.0,5,0,0,1.0,1,397
HIST-033,SGW-027,0,65.24771042036537,0.0,37,2,4,0.76,1,389
HIST-033,SGW-028,0,56.48661541430737,0.0,30,1,1,0.57,0,406
HIST-033,SGW-029,0,64.95125623168448,0.0,34,0,1,0.92,0,403
HIST-033,SGW-030,0,53.16738668121444,0.0,13,1,0,0.97,0,395
HIST-034,SGW-001,0,63.75292243788416,0.145,6,0,2,0.35,1,11
HIST-034,SGW-002,0,54.54241278060763,0.195,22,1,3,0.53,0,1
HIST-034,SGW-003,0,58.07278287965736,0.15000000000000002,34,3,1,0.33,1,10
HIST-034,SGW-004,0,54.28957895103787,0.15000000000000002,21,1,1,0.45,1,10
HIST-034,SGW-005,0,58.44445094532931,0.195,24,0,0,0.22,1,1
HIST-034,SGW-006,0,43.229355071032835,0.0,37,0,1,0.42,0,131
HIST-034,SGW-007,0,44.390206338672485,0.0,8,2,1,0.4,1,144
HIST-034,SGW-008,0,44.77032807199442,0.0,24,1,0,0.44,0,127
HIST-034,SGW-009,0,43.60601962005474,0.0,22,3,0,0.31,0,123
HIST-034,SGW-010,0,44.0962600990698,0.0,22,2,2,0.3,0,153
HIST-034,SGW-011,0,28.689653677652274,0.0,10,0,2,0.5,1,230
HIST-034,SGW-012,0,28.347807158917185,0.0,31,3,1,0.31,1,241
HIST-034,SGW-013,0,29.543024737197733,0.0,31,1,2,0.33,0,233
HIST-034,SGW-014,0,29.57585893370565,0.0,44,2,2,0.33,0,241
HIST-034,SGW-015,0,28.771188592777662,0.0,7,0,1,0.57,1,241
HIST-034,SGW-016,0,26.72325354779686,0.0,5,0,0,0.72,0,262
HIST-034,SGW-017,0,26.41924330754944,0.0,21,0,0,0.51,0,270
HIST-034,SGW-018,0,26.999876428614506,0.0,40,2,0,0.57,0,280
HIST-034,SGW-019,0,25.523209841982748,0.0,44,0,2,0.51,0,288
HIST-034,SGW-020,0,26.52333647743935,0.0,30,0,0,0.39,0,269
HIST-034,SGW-021,0,23.03090242351044,0.0,7,1,0,0.46,0,359
HIST-034,SGW-022,0,22.916693109375366,0.0,11,0,0,0.77,1,329
HIST-034,SGW-023,0,22.896884662237223,0.0,11,0,1,0.67,0,330
HIST-034,SGW-024,0,22.687372904249088,0.0,12,1,0,0.48,0,334
HIST-034,SGW-025,0,22.447354963531655,0.0,13,3,0,0.61,0,305
HIST-034,SGW-026,0,21.477563760321896,0.0,5,0,0,1.0,1,397
HIST-034,SGW-027,0,21.881126499689433,0.0,37,2,4,0.76,1,389
HIST-034,SGW-028,0,21.56496685967202,0.0,30,1,1,0.57,0,406
HIST-034,SGW-029,0,21.859091234572826,0.0,34,0,1,0.92,0,403
HIST-034,SGW-030,0,21.366028449109958,0.0,13,1,0,0.97,0,395
HIST-035,SGW-001,1,126.25254197850788,0.725,6,0,2,0.35,1,11
HIST-035,SGW-002,1,103.19828454385645,0.975,22,1,3,0.53,0,1
HIST-035,SGW-003,1,110.24756652411362,0.75,34,3,1,0.33,1,10
HIST-035,SGW-004,1,96.37508619509545,0.75,21,1,1,0.45,1,10
HIST-035,SGW-005,1,102.58509207751743,0.975,24,0,0,0.22,1,1
HIST-035,SGW-006,0,76.72670465208071,0.0,37,0,1,0.42,0,131
HIST-035,SGW-007,0,79.69589008235754,0.0,8,2,1,0.4,1,144
HIST-035,SGW-008,0,80.71732410612023,0.0,24,1,0,0.44,0,127
HIST-035,SGW-009,1,77.57358529696651,0.0,22,3,0,0.31,0,123
HIST-035,SGW-010,0,78.89375883787831,0.0,22,2,2,0.3,0,153
HIST-035,SGW-011,1,45.85100155768301,0.0,10,0,2,0.5,1,230
HIST-035,SGW-012,0,45.22615460880312,0.0,31,3,1,0.31,1,241
HIST-035,SGW-013,0,47.36472667168791,0.0,31,1,2,0.33,0,233
HIST-035,SGW-014,0,47.484523248410206,0.0,44,2,2,0.33,0,241
HIST-035,SGW-015,0,45.98386601677396,0.0,7,0,1,0.57,1,241
HIST-035,SGW-016,0,42.13813750531764,0.0,5,0,0,0.72,0,262
HIST-035,SGW-017,0,41.6607820196443,0.0,21,0,0,0.51,0,270
HIST-035,SGW-018,1,42.70541610356469,0.0,40,2,0,0.57,0,280
HIST-035,SGW-019,0,40.10379011702138,0.0,44,0,2,0.51,0,288
HIST-035,SGW-020,0,41.87900808552789,0.0,30,0,0,0.39,0,269
HIST-035,SGW-021,0,35.855120182933625,0.0,7,1,0,0.46,0,359
HIST-035,SGW-022,0,35.65380014967031,0.0,11,0,0,0.77,1,329
HIST-035,SGW-023,0,35.62441843562836,0.0,11,0,1,0.67,0,330
HIST-035,SGW-024,0,35.269364539009885,0.0,12,1,0,0.48,0,334
HIST-035,SGW-025,0,34.861563515940475,0.0,13,3,0,0.61,0,305
HIST-035,SGW-026,0,33.24443737178169,0.0,5,0,0,1.0,1,397
HIST-035,SGW-027,0,33.92096826292679,0.0,37,2,4,0.76,1,389
HIST-035,SGW-028,0,33.38701646208637,0.0,30,1,1,0.57,0,406
HIST-035,SGW-029,0,33.882842349007454,0.0,34,0,1,0.92,0,403
HIST-035,SGW-030,0,33.05381416560647,0.0,13,1,0,0.97,0,395
HIST-036,SGW-001,0,30.545638679588976,0.0,6,0,2,0.35,1,11
HIST-036,SGW-002,0,31.725814077903085,0.0,22,1,3,0.53,0,1
HIST-036,SGW-003,0,31.289751366608403,0.0,34,3,1,0.33,1,10
HIST-036,SGW-004,0,31.335840296910074,0.0,21,1,1,0.45,1,10
HIST-036,SGW-005,0,30.874897812957034,0.0,24,0,0,0.22,1,1
HIST-036,SGW-006,0,34.276285845383164,0.0,37,0,1,0.42,0,131
HIST-036,SGW-007,0,33.95450537960158,0.0,8,2,1,0.4,1,144
HIST-036,SGW-008,0,33.86373921369627,0.0,24,1,0,0.44,0,127
HIST-036,SGW-009,0,34.13088604549162,0.0,22,3,0,0.31,0,123
HIST-036,SGW-010,0,34.01980936075714,0.0,22,2,2,0.3,0,153
HIST-036,SGW-011,0,47.052856574964984,0.0,10,0,2,0.5,1,230
HIST-036,SGW-012,0,48.020357150385216,0.0,31,3,1,0.31,1,241
HIST-036,SGW-013,0,44.06104966389787,0.0,31,1,2,0.33,0,233
HIST-036,SGW-014,0,44.91026523699607,0.0,44,2,2,0.33,0,241
HIST-036,SGW-015,0,46.45435959797814,0.0,7,0,1,0.57,1,241
HIST-036,SGW-016,0,46.38837602868307,0.0,5,0,0,0.72,0,262
HIST-036,SGW-017,0,49.5212479359648,0.0,21,0,0,0.51,0,270
HIST-036,SGW-018,0,48.677489155540634,0.0,40,2,0,0.57,0,280
HIST-036,SGW-019,0,53.30351848307335,0.0,44,0,2,0.51,0,288
HIST-036,SGW-020,0,51.05657169817369,0.0,30,0,0,0.39,0,269
HIST-036,SGW-021,0,82.44183433555207,0.0,7,1,0,0.46,0,359
HIST-036,SGW-022,0,74.85245932392989,0.0,11,0,0,0.77,1,329
HIST-036,SGW-023,0,79.12542552435907,0.0,11,0,1,0.67,0,330
HIST-036,SGW-024,0,79.35517719568873,0.0,12,1,0,0.48,0,334
HIST-036,SGW-025,0,76.28407632283911,0.0,13,3,0,0.61,0,305
HIST-036,SGW-026,0,78.69165896240771,0.0,5,0,0,1.0,1,397
HIST-036,SGW-027,0,91.01211744665295,0.0,37,2,4,0.76,1,389
HIST-036,SGW-028,0,75.54233853879123,0.0,30,1,1,0.57,0,406
HIST-036,SGW-029,0,87.34084292054159,0.0,34,0,1,0.92,0,403
HIST-036,SGW-030,0,71.03384380280552,0.0,13,1,0,0.97,0,395
HIST-037,SGW-001,0,31.581594311352234,0.0,6,0,2,0.35,1,11
HIST-037,SGW-002,0,33.443078625380636,0.0,22,1,3,0.53,0,1
HIST-037,SGW-003,0,32.73770326946541,0.0,34,3,1,0.33,1,10
HIST-037,SGW-004,0,32.762415495136814,0.0,21,1,1,0.45,1,10
HIST-037,SGW-005,0,32.04878237269943,0.0,24,0,0,0.22,1,1
HIST-037,SGW-006,0,38.02144298354005,0.0,37,0,1,0.42,0,131
HIST-037,SGW-007,0,37.41326765876295,0.0,8,2,1,0.4,1,144
HIST-037,SGW-008,0,37.246297860389305,0.0,24,1,0,0.44,0,127
HIST-037,SGW-009,0,37.73185770325722,0.0,22,3,0,0.31,0,123
HIST-037,SGW-010,1,37.53126189098954,0.0,22,2,2,0.3,0,153
HIST-037,SGW-011,0,77.88368936481471,0.0,10,0,2,0.5,1,230
HIST-037,SGW-012,0,62.01129281891928,0.0,31,3,1,0.31,1,241
HIST-037,SGW-013,0,62.02563339916892,0.0,31,1,2,0.33,0,233
HIST-037,SGW-014,0,70.7867963848699,0.0,44,2,2,0.33,0,241
HIST-037,SGW-015,0,76.48079992261493,0.0,7,0,1,0.57,1,241
HIST-037,SGW-016,0,52.16202925989906,0.0,5,0,0,0.72,0,262
HIST-037,SGW-017,0,58.29535418501474,0.0,21,0,0,0.51,0,270
HIST-037,SGW-018,0,62.117037863921844,0.0,40,2,0,0.57,0,280
HIST-037,SGW-019,0,57.41600938382554,0.0,44,0,2,0.51,0,288
HIST-037,SGW-020,1,65.61934136442466,0.0,30,0,0,0.39,0,269
HIST-037,SGW-021,0,47.18643841035065,0.0,7,1,0,0.46,0,359
HIST-037,SGW-022,0,45.642631643346704,0.0,11,0,0,0.77,1,329
HIST-037,SGW-023,0,45.94578938731707,0.0,11,0,1,0.67,0,330
HIST-037,SGW-024,0,44.61967690362543,0.0,12,1,0,0.48,0,334
HIST-037,SGW-025,0,43.01070398635504,0.0,13,3,0,0.61,0,305
HIST-037,SGW-026,1,38.70738945609705,0.0,5,0,0,1.0,1,397
HIST-037,SGW-027,0,40.829644322812456,0.0,37,2,4,0.76,1,389
HIST-037,SGW-028,0,38.91475909904029,0.0,30,1,1,0.57,0,406
HIST-037,SGW-029,0,40.62772661386277,0.0,34,0,1,0.92,0,403
HIST-037,SGW-030,0,37.91381491717024,0.0,13,1,0,0.97,0,395
HIST-038,SGW-001,0,66.1420688545823,0.29,6,0,2,0.35,1,11
HIST-038,SGW-002,0,80.69749235120584,0.39,22,1,3,0.53,0,1
HIST-038,SGW-003,1,74.45925519802815,0.30000000000000004,34,3,1,0.33,1,10
HIST-038,SGW-004,1,70.89322624709838,0.30000000000000004,21,1,1,0.45,1,10
HIST-038,SGW-005,0,68.18875975848165,0.39,24,0,0,0.22,1,1
HIST-038,SGW-006,0,63.413941299415185,0.0,37,0,1,0.42,0,131
HIST-038,SGW-007,0,50.52958277697813,0.0,8,2,1,0.4,1,144
HIST-038,SGW-008,0,45.593878026160674,0.0,24,1,0,0.44,0,127
HIST-038,SGW-009,0,62.62984547137191,0.0,22,3,0,0.31,0,123
HIST-038,SGW-010,0,55.0820463941967,0.0,22,2,2,0.3,0,153
HIST-038,SGW-011,0,38.71506752630742,0.0,10,0,2,0.5,1,230
HIST-038,SGW-012,0,38.0350789330096,0.0,31,3,1,0.31,1,241
HIST-038,SGW-013,0,40.23339209320474,0.0,31,1,2,0.33,0,233
HIST-038,SGW-014,0,40.52724023119981,0.0,44,2,2,0.33,0,241
HIST-038,SGW-015,0,38.81771427236017,0.0,7,0,1,0.57,1,241
HIST-038,SGW-016,0,34.434394949828835,0.0,5,0,0,0.72,0,262
HIST-038,SGW-017,0,34.085145288060865,0.0,21,0,0,0.51,0,270
HIST-038,SGW-018,0,35.17205393167933,0.0,40,2,0,0.57,0,280
HIST-038,SGW-019,0,32.57922476578516,0.0,44,0,2,0.51,0,288
HIST-038,SGW-020,0,34.378031494251296,0.0,30,0,0,0.39,0,269
HIST-038,SGW-021,0,28.61093242035528,0.0,7,1,0,0.46,0,359
HIST-038,SGW-022,0,28.410470482588845,0.0,11,0,0,0.77,1,329
HIST-038,SGW-023,0,28.390937153295255,0.0,11,0,1,0.67,0,330
HIST-038,SGW-024,0,28.062511703461844,0.0,12,1,0,0.48,0,334
HIST-038,SGW-025,0,27.68345986015095,0.0,13,3,0,0.61,0,305
HIST-038,SGW-026,0,26.23359474993632,0.0,5,0,0,1.0,1,397
HIST-038,SGW-027,0,26.846683663600018,0.0,37,2,4,0.76,1,389
HIST-038,SGW-028,0,26.3560177048726,0.0,30,1,1,0.57,0,406
HIST-038,SGW-029,0,26.810058163342216,0.0,34,0,1,0.92,0,403
HIST-038,SGW-030,0,26.05468078342651,0.0,13,1,0,0.97,0,395
HIST-039,SGW-001,0,32.844172295669715,0.0,6,0,2,0.35,1,11
HIST-039,SGW-002,0,35.42937852490471,0.0,22,1,3,0.53,0,1
HIST-039,SGW-003,1,34.42646005408488,0.0,34,3,1,0.33,1,10
HIST-039,SGW-004,1,34.39243381971915,0.0,21,1,1,0.45,1,10
HIST-039,SGW-005,0,33.42447930980356,0.0,24,0,0,0.22,1,1
HIST-039,SGW-006,0,42.7590384895894,0.0,37,0,1,0.42,0,131
HIST-039,SGW-007,0,41.722502145556,0.0,8,2,1,0.4,1,144
HIST-039,SGW-008,0,41.44737334640634,0.0,24,1,0,0.44,0,127
HIST-039,SGW-009,0,42.23370622835488,0.0,22,3,0,0.31,0,123
HIST-039,SGW-010,0,41.91216527504657,0.0,22,2,2,0.3,0,153
HIST-039,SGW-011,0,47.03773703461275,0.0,10,0,2,0.5,1,230
HIST-039,SGW-012,0,48.5932341030244,0.0,31,3,1,0.31,1,241
HIST-039,SGW-013,0,60.422523990380604,0.0,31,1,2,0.33,0,233
HIST-039,SGW-014,0,48.21568136515319,0.0,44,2,2,0.33,0,241
HIST-039,SGW-015,0,53.26150074866985,0.0,7,0,1,0.57,1,241
HIST-039,SGW-016,0,44.34348823582519,0.0,5,0,0,0.72,0,262
HIST-039,SGW-017,1,46.071542721736414,0.0,21,0,0,0.51,0,270
HIST-039,SGW-018,0,49.78096807542318,0.0,40,2,0,0.57,0,280
HIST-039,SGW-019,0,42.97313126922707,0.0,44,0,2,0.51,0,288
HIST-039,SGW-020,0,48.74117608567256,0.0,30,0,0,0.39,0,269
HIST-039,SGW-021,0,34.86492768712534,0.0,7,1,0,0.46,0,359
HIST-039,SGW-022,0,34.265599940395646,0.0,11,0,0,0.77,1,329
HIST-039,SGW-023,0,34.316670909659535,0.0,11,0,1,0.67,0,330
HIST-039,SGW-024,0,33.62134018485729,0.0,12,1,0,0.48,0,334
HIST-039,SGW-025,0,32.79943437386013,0.0,13,3,0,0.61,0,305
HIST-039,SGW-026,0,30.183959471083668,0.0,5,0,0,1.0,1,397
HIST-039,SGW-027,0,31.36579811192189,0.0,37,2,4,0.76,1,389
HIST-039,SGW-028,0,30.356309919780838,0.0,30,1,1,0.57,0,406
HIST-039,SGW-029,0,31.27435213645555,0.0,34,0,1,0.92,0,403
HIST-039,SGW-030,0,29.78507864064771,0.0,13,1,0,0.97,0,395
HIST-040,SGW-001,0,26.59480398247225,0.0,6,0,2,0.35,1,11
HIST-040,SGW-002,0,27.68799212199164,0.0,22,1,3,0.53,0,1
HIST-040,SGW-003,0,27.282805819168882,0.0,34,3,1,0.33,1,10
HIST-040,SGW-004,0,27.322147464084,0.0,21,1,1,0.45,1,10
HIST-040,SGW-005,1,26.896016851742104,0.0,24,0,0,0.22,1,1
HIST-040,SGW-006,0,30.086131912426932,0.0,37,0,1,0.42,0,131
HIST-040,SGW-007,0,29.781841705270626,0.0,8,2,1,0.4,1,144
HIST-040,SGW-008,0,29.696264196873013,0.0,24,1,0,0.44,0,127
HIST-040,SGW-009,0,29.94782657464373,0.0,22,3,0,0.31,0,123
HIST-040,SGW-010,0,29.843296157372738,0.0,22,2,2,0.3,0,153
HIST-040,SGW-011,0,42.81340465750856,0.0,10,0,2,0.5,1,230
HIST-040,SGW-012,0,43.842823561700094,0.0,31,3,1,0.31,1,241
HIST-040,SGW-013,0,39.627488012549634,0.0,31,1,2,0.33,0,233
HIST-040,SGW-014,0,40.57051443140023,0.0,44,2,2,0.33,0,241
HIST-040,SGW-015,0,42.146519145381966,0.0,7,0,1,0.57,1,241
HIST-040,SGW-016,0,41.49492594835991,0.0,5,0,0,0.72,0,262
HIST-040,SGW-017,0,44.79202745808577,0.0,21,0,0,0.51,0,270
HIST-040,SGW-018,0,44.107454144667095,0.0,40,2,0,0.57,0,280
HIST-040,SGW-019,1,48.50228048162548,0.0,44,0,2,0.51,0,288
HIST-040,SGW-020,0,46.614616241574524,0.0,30,0,0,0.39,0,269
HIST-040,SGW-021,0,73.5310689445066,0.0,7,1,0,0.46,0,359
HIST-040,SGW-022,0,65.0856642665525,0.0,11,0,0,0.77,1,329
HIST-040,SGW-023,0,68.88712896490429,0.0,11,0,1,0.67,0,330
HIST-040,SGW-024,0,67.28956784566334,0.0,12,1,0,0.48,0,334
HIST-040,SGW-025,0,63.19562435225377,0.0,13,3,0,0.61,0,305
HIST-040,SGW-026,1,58.785373250097116,0.0,5,0,0,1.0,1,397
HIST-040,SGW-027,0,66.79851028548221,0.0,37,2,4,0.76,1,389
HIST-040,SGW-028,0,57.79977740132767,0.0,30,1,1,0.57,0,406
HIST-040,SGW-029,0,65.09189828331397,0.0,34,0,1,0.92,0,403
HIST-040,SGW-030,0,54.68769639696479,0.0,13,1,0,0.97,0,395
